"List of employers who were issued a negative  Labour Market Impact Assessment (LMIA) by Stream, National Occupational Classification (NOC) 2011 and business location in 2017 (October-December)",,,,,
Province/Territory,Stream,Employer,Address,Occupations under NOC 2011,Requested Positions
Newfoundland and Labrador,   Low Wage,Barry Mackinnon Restaurant Inc,"Corner Brook, NL A2H 7K5",6311-Food service supervisors,1
Prince Edward Island,  Primary Agriculture,Victoria Potato Farm Inc,"Crapaud, PE C0A 1J0",8431-General farm workers,1
Nova Scotia,    High Wage,3091914 Nova Scotia Limited,"Halifax, NS B3K 1H8",1221-Administrative officers,1
,   Low Wage,Sackville Recycling Ltd.,"Lower Sackville, NS B4C 2R8",7452-Material handlers,2
New Brunswick,    High Wage,Medical Offices of Dr J H Steeves,"Rothesay, NB E2H 1A8",3111-Specialist physicians,1
,   Low Wage,611179 NB Inc.,"Moncton, NB E1G 2W5",6312-Executive housekeepers,1
,,Eastern Outdoors Inc.,"Dipper Harbour, NB E5J 1Y2",6532-Outdoor sport and recreational guides,1
Quebec,    High Wage,137377 Canada Inc.,"Boucherville, QC J4B 7M4",2281-Computer network technicians,1
,,4355768 Canada Inc.,"QuÇbec, QC G1K 8G3",2175-Web designers and developers,1
,,6450113 Canada Inc.,"MontrÇal, QC H4A 3J3",6322-Cooks,1
,,9139249 Canada Inc,"MontrÇal, QC H2X 2H5","0124-Advertising, marketing and public relations managers",1
,,9168-1346 QuÇbec Inc.,"MontrÇal, QC H3H 1J3",6322-Cooks,1
,,9170-9154 QuÇbec Inc,"Pierrefonds, QC H8Z 2B4","7301-Contractors and supervisors, mechanic trades",2
,,9197-7330 QuÇbec inc.,"MontrÇal, QC H3B 1H9","0124-Advertising, marketing and public relations managers",1
,,9246-6135 QuÇbec Inc.,"Sherbrooke, QC J1J 2E8",6322-Cooks,1
,,9281-5059 QuÇbec inc.,"Lebel-sur-Quevillon, QC J0Y 1X0","6711-Food counter attendants, kitchen helpers and related support occupations",1
,,9305-6828 QuÇbec Inc.,"Laval, QC H7V 4A7",3131-Pharmacists,1
,,CIDMA inc.,"MontrÇal, QC H4C 3C5",2175-Web designers and developers,1
,,Cinesite Inc.,"MontrÇal, QC H2Y 0A3",5241-Graphic designers and illustrators,1
,,Club Aquatique Rosemont-La-Petite-Patrie,"MontrÇal, QC H2G 1N6","5254-Program leaders and instructors in recreation, sport and fitness",1
,,CONSEILLERS EN GESTION ET INFORMATIQUE CGI INC,"Montreal, QC H3G 1T4",2174-Computer programmers and interactive media developers,1
,,Distribution G.V.A inc.,"Laval, QC H7M 2Y5",0113-Purchasing managers,1
,,Integra Services d'Immigration Canadiens Inc.,"MontrÇal, QC H2L 3X1",2147-Computer engineers (except software engineers and designers),1
,,JMJ AÇronautique Inc.,"Saint-Hubert, QC J3Y 8Y9","2271-Air pilots, flight engineers and flying instructors",1
,,KDS Commerce Inc.,"Laval, QC H7P 3V3",2281-Computer network technicians,1
,,Kinova Inc.,"Boisbriand, QC J7H 1M7",2132-Mechanical engineers,1
,,Les Coiffeurs Magazines Inc.,"Westmount, QC H3Z 1P6","0651-Managers in customer and personal services, n.e.c.",1
,,Modlum Lighting Canada Inc.,"Montreal, QC H4R 1X1","0013-Senior managers - financial, communications and other business services",1
,,MunicipalitÇ de L'◊le - d'Anticosti,"Port-Menier, QC G0G 2Y0",4214-Early childhood educators and assistants,1
,,NEWREST MONTRêAL CORPORATION,"Dorval, QC H9P 1K6",6552-Other customer and information services representatives,1
,,Nunetworx Communications Inc.,"MontrÇal, QC H2N 1L5",2173-Software engineers and designers,1
,,Office d'Investissement des RÇgimes de Pension du secteur public,"MontrÇal, QC H3B 5E9","0122-Banking, credit and other investment managers",1
,,Valbo Inc.,"MontrÇal, QC H1E 1P4",1241-Administrative assistants,1
,,Waff World Gifts Inc.,"Montreal, QC H4R 2E9",5241-Graphic designers and illustrators,1
,,ZHONGDE CONSULTING LTD,"MontrÇal, QC H3H 2E7",0621-Retail and wholesale trade managers,1
,   Low Wage,6173306 Canada Inc.,"Amos, QC J9T 1H3",6311-Food service supervisors,1
,,9310-6508 QuÇbec inc.,"MontrÇal, QC H3H 2M4",6322-Cooks,1
,,Artemur Inc,"Chicoutimi, QC G7H 1V5",9471-Plateless printing equipment operators,1
,,Au pain quotidien St-Laurent inc.,"MontrÇal, QC H3L 2P4",6332-Bakers,1
,,Botan Construction Inc.,"Montreal, QC H4G 1V1",0712-Home building and renovation managers,1
,,C. OUI CONSTRUCTIONS INC.,"St-Lin-Laurentides, QC J5M 2P6","7284-Plasterers, drywall installers and finishers and lathers",1
,,DÇpanneur Vieux MontrÇal (2016) Inc.,"MontrÇal, QC H2Y 1S6",6322-Cooks,1
,,Hìtel Motel Nordic,"Chibougamau, QC G8P 1R6",6525-Hotel front desk clerks,1
,,Laboratoire dentaire Joly et Lanois inc.,"Mirabel, QC J7J 0C3","3223-Dental technologists, technicians and laboratory assistants",1
,  Primary Agriculture,624899 Nouveau-Brunswick ltÇe,"St-Lambert, QC G0S 2W0",8431-General farm workers,2
Ontario,    High Wage,1397764 ONTARIO INC.,"Bradford, ON L3Z 2M8",7281-Bricklayers,1
,,1533665 Ontario Ltd.,"Concord, ON L4K 4Z7",7311-Construction millwrights and industrial mechanics,1
,,2097181 Ontario Ltd.,"Caledon, ON L7C 3T4","1215-Supervisors, supply chain, tracking and scheduling co-ordination occupations",1
,,2224973 Ontario Inc.,"Hamilton, ON L8K 1C7",6211-Retail sales supervisors,1
,,2347191 Ontario Inc.,"North York, ON M2M 2M6",0621-Retail and wholesale trade managers,1
,,2347401 Ontario Inc./ O/A Asian Food Centre,"Brampton, ON L7A 3Y6",6322-Cooks,1
,,7892985 Canada Corporation,"North York, ON M2R 3B6",7511-Transport truck drivers,1
,,8048975 Canada Inc.,"Mississauga, ON L4W 1B9",7441-Residential and commercial installers and servicers,2
,,A.T. Consulting and Recruiting Inc.,"Toronto, ON M5E 1E5",4163-Business development officers and marketing researchers and consultants,1
,,Alda Carpentry Ltd,"Toronto, ON M3M 1M3",7272-Cabinetmakers,1
,,Algo Electric 2012 Ltd.,"Sault St. Marie, ON P6B 4K2",7333-Electrical mechanics,1
,,Alion Science and Technology (Canada) Corp,"Ottawa, ON K2K 2X3","2148-Other professional engineers, n.e.c.",1
,,Anatolia Tile & Stone Inc.,"Vaughan, ON L4L 1A5",1121-Human resources professionals,1
,,Asymetric Media Ltd.,"Toronto, ON M5B 2E7","5131-Producers, directors, choreographers and related occupations",1
,,Azcor Inc.,"Woodbridge, ON L4L 3R5",7242-Industrial electricians,1
,,Cangates Immigration & Citizenship Consulting Inc.,"Richmond Hill, ON L4C 3B5","0124-Advertising, marketing and public relations managers",1
,,Conseil Scolaire Du District Catholique Centre-Sud,"North York, ON M2M 1C8",4214-Early childhood educators and assistants,1
,,Crop Defenders Ltd,"Windsor, ON N9B 3W8",1122-Professional occupations in business management consulting,1
,,CWSS Canada USA Immigration Services,"Toronto, ON M2N 7A5","5254-Program leaders and instructors in recreation, sport and fitness",1
,,Eldorado Cleaners Inc.,"Whitby, ON L1N 1E5",6315-Cleaning supervisors,1
,,Element Elevators Inc.,"Richmond Hill, ON L4E 4S3",7318-Elevator constructors and mechanics,1
,,Extreme Goalkeepers Inc,"Aurora, ON L4G 6H8",5252-Coaches,1
,,Fanshawe Health Group,"London, ON N6G 5A9",3112-General practitioners and family physicians,1
,,Fischer Canada Stainless Steel Tubing Incorporated,"Waterloo, ON N2V 2A2",2233-Industrial engineering and manufacturing technologists and technicians,1
,,Foodticket Canada Inc.,"Toronto, ON M8Z 6A3","0015-Senior managers - trade, broadcasting and other services, n.e.c.",1
,,Fourth Dimension Inc.,"Toronto, ON M5V 3P8","0124-Advertising, marketing and public relations managers",1
,,Glacier Precision Machining Inc.,"Brampton, ON L6W 3R6",7231-Machinists and machining and tooling inspectors,1
,,GMH Fleet Services Inc.,"Mississauga, ON L4W 1B6",1221-Administrative officers,1
,,Gwillimdale Farms Ltd,"Bradford, ON L3Z 2B7",0125-Other business services managers,1
,,Hamati Roofing Ltd.,"Scarborough, ON M1B 3W3","7205-Contractors and supervisors, other construction trades, installers, repairers and servicers",1
,,Historic Restoration inc.,"Toronto, ON M4M 2R5",7294-Painters and decorators (except interior decorators),1
,,I Barbieri Ltd.,"Toronto, ON M6A 2C6",6341-Hairstylists and barbers,1
,,Ideal Kitchen Cabinet and Renovations Inc.,"Brampton, ON L6X 0L6",7271-Carpenters,1
,,ILS Kitchen & Cabinets Inc.,"Hamilton, ON L8W 1G7",7441-Residential and commercial installers and servicers,1
,,Jack-Line Roofing & Sheet Metal Ltd.,"Mississauga, ON L4W 1C8",7291-Roofers and shinglers,1
,,Jerry's Skating World,"Markham, ON L3R 4N3","5243-Theatre, fashion, exhibit and other creative designers",2
,,Julie Charbonneau Design Inc.,"Toronto, ON M5T 1R5",5242-Interior designers and interior decorators,1
,,Kelso Lake Medical Centre,"Milton, ON L9T 0A5",4163-Business development officers and marketing researchers and consultants,1
,,Lee Design & Build Inc.,"Toronto, ON M2N 5W9",1221-Administrative officers,1
,,Linkglobal Food Inc,"Richmond Hill, ON L4B 1L5",6222-Retail and wholesale buyers,1
,,Marco's Bakery and Pizza Inc.,"Burlington, ON L7N 2R5",6332-Bakers,1
,,MCL Concrete Ltd,"Oakville, ON L6M 4X1",7282-Concrete finishers,1
,,Morneau Shepell Ltd.,"Toronto, ON M3C 1W3","0013-Senior managers - financial, communications and other business services",1
,,MRG Custom Concrete Forming Inc.,"King City, ON L7B 1H5",7282-Concrete finishers,5
,,New Star Table Tennis Inc,"Markham, ON L3P 3P2",5252-Coaches,1
,,Nimble Brain INC.,"Windsor, ON N9E 1S4","0014-Senior managers - health, education, social and community services and membership organizations",1
,,Northend Finish Carpentry,"Woodbridge, ON L4H 0E2",7271-Carpenters,1
,,Northern Visions Independent Film & Video Association,"Toronto, ON M5V 3A8",1226-Conference and event planners,1
,,OBG Golf Inc.,"Woodbridge, ON L4L 5V1",6322-Cooks,2
,,OPC TV Inc.,"Toronto, ON M5A 2N4","5131-Producers, directors, choreographers and related occupations",1
,,Park Safe Inc.,"Ottawa, ON K1Z 7T1",2283-Information systems testing technicians,1
,,Pointone Graphics Inc.,"Etobicoke, ON M8Z 5J4","7303-Supervisors, printing and related occupations",1
,,"PPD Canada, LTD.","Kitchener, ON N2P 2B4","4165-Health policy researchers, consultants and program officers",1
,,Precise Testing Solutions Inc.,"Toronto, ON M4P 1E4",1221-Administrative officers,1
,,Real Time System Inc.,"Etobicoke, ON M9W 5N6",2174-Computer programmers and interactive media developers,1
,,Roni Excavating Ltd.,"Concord, ON L4P 4P9",7282-Concrete finishers,1
,,Rush Truck Trailer Repair Ltd,"Mississauga, ON L4W 1G6","7321-Automotive service technicians, truck and bus mechanics and mechanical repairers",1
,,Sanjha Punjab Radio and TV Inc.,"Brampton, ON L6S 5Z4","0651-Managers in customer and personal services, n.e.c.",1
,,Sequoia Content Limited,"Toronto, ON M5B 2E7","5131-Producers, directors, choreographers and related occupations",2
,,Shelley Industrial Automation Inc.,"Toronto, ON M3B 1Y8",6221-Technical sales specialists - wholesale trade,1
,,Sirius Auto Parts Corp.,"Woodbridge, ON L4L 6B4",6222-Retail and wholesale buyers,1
,,"Soft Citizen, Inc.","Toronto, ON M5A 2N4","5131-Producers, directors, choreographers and related occupations",6
,,Spectra Construction Corporation,"Concord, ON L4K 4H2",7271-Carpenters,1
,,SSN Transport Ltd.,"Kitchener, ON N2A 4M4","1215-Supervisors, supply chain, tracking and scheduling co-ordination occupations",1
,,Steam Films Inc.,"Toronto, ON M5A 2N4","5131-Producers, directors, choreographers and related occupations",1
,,Sugar Loaf Bakery Pastry and Chocolate Inc.,"Toronto, ON M4M 1H1",1311-Accounting technicians and bookkeepers,1
,,The Brampton Nilgiris Inc,"Brampton, ON L6P 2K8",6322-Cooks,1
,,The Nilgiris Inc.,"Scarborough, ON M1X 1L7",6322-Cooks,1
,,Thorncliffe Dental Centre,"Toronto, ON M4H 1C3",3222-Dental hygienists and dental therapists,1
,,Top Drywall Inc.,"Mississauga, ON L4W 4N5","7284-Plasterers, drywall installers and finishers and lathers",1
,,Toronto Learning Inc.,"Brampton, ON L6P 2L1",1241-Administrative assistants,1
,,Trinity Tech Inc.,"Toronto, ON M9W 5Z8",2233-Industrial engineering and manufacturing technologists and technicians,1
,,Trio General Contracting Inc.,"Toronto, ON M9W 3A1",7521-Heavy equipment operators (except crane),2
,,TWI Foods Inc,"Etobicoke, ON M9W 4M2",2243-Industrial instrument technicians and mechanics,1
,,Tyger Shark Inc.,"Barrie, ON L4M 1A8",1225-Purchasing agents and officers,1
,,Uwin Pro Inc.,"Scarborough, ON M1H 2X1","0013-Senior managers - financial, communications and other business services",1
,,VBE Developments Ltd.,"Toronto, ON M8Y 3J6",1224-Property administrators,1
,,Vision Entertainment Inc.,"Toronto, ON M6A 2A4","5131-Producers, directors, choreographers and related occupations",1
,,Vitaly Design Ltd.,"Etobicoke, ON M8Z 6A4",0911-Manufacturing managers,1
,,Wilfrid Park Inc.,"Toronto, ON M4J 5B9","5131-Producers, directors, choreographers and related occupations",1
,,Window Force Inc.,"Toronro, ON M9W 4Y6",1225-Purchasing agents and officers,1
,,Zurich Pharma Inc.,"Windsor, ON N8K 4L2",0714-Facility operation and maintenance managers,1
,   Low Wage,1206877 Ontario Limited O/A Pizza Pizza No. 114,"Mississauga, ON L5V 2B3",6211-Retail sales supervisors,1
,,1520636 Ontario Inc,"Brampton, ON L6R 2K7",0631-Restaurant and food service managers,1
,,1551826 Ontario Inc.,"London, ON N5V 3Z9",6732-Specialized cleaners,1
,,1598682 Ontario Inc. (Anjappar Restaurants),"Brampton, ON L6W 3T7",6322-Cooks,3
,,1666563 Ontario Inc.,"Brampton, ON L6T 4L6",1241-Administrative assistants,1
,,1695368 Ontario Inc.,"Toronto, ON M5B 1S5",6311-Food service supervisors,1
,,1767861 Ontario Inc.,"Toronto, ON M5T 1P7",6322-Cooks,1
,,1786454 Ontario Inc.,"Scarborough, ON M1L 2M9",6322-Cooks,1
,,1828655 Ontario Inc.,"Toronto, ON M4K 1P6",6322-Cooks,1
,,1861065 Ontario Inc.,"Beeton, ON L0G 1A0",6322-Cooks,1
,,1865817 Ontario Inc.,"Toronto, ON M4J 2S4",5123-Journalists,1
,,1925Workbench Ltd.,"Etobicoke, ON M8W 3C5",7272-Cabinetmakers,1
,,1958380 Ontario Inc.,"Toronto, ON M6K 1X9",6322-Cooks,1
,,2065899 Ontario Ltd.,"London, ON N5V 2Z7","1123-Professional occupations in advertising, marketing and public relations",1
,,2135395 Ontario Inc.,"Mississauga, ON L4T 3X2",7511-Transport truck drivers,1
,,2176069 Ontario Limited,"Ajax, ON L1Z 0C5",1431-Accounting and related clerks,1
,,2179479 Ontario Inc.,"Brampton, ON L6S 5R7",6341-Hairstylists and barbers,1
,,2301716 Ont. Inc.,"Cambridge, ON N1R 6J8",6322-Cooks,1
,,2303773 Ontario Inc,"Toronto, ON M2M 2P2",6311-Food service supervisors,1
,,2322117 Ontario Inc.,"Ottawa, ON K2P 1M2",6321-Chefs,1
,,2322943 Ontario Inc,"Ingersoll, ON N5C 0A9",6311-Food service supervisors,1
,,2345494 Ontario Inc.,"Pickering, ON L1V 5Z4",6322-Cooks,1
,,2414656 Ontario Inc. o/a Civil Liberties,"Toronto, ON M6G 1M5",0631-Restaurant and food service managers,1
,,2433395 Ontario Inc.,"Thornhill, ON L4J 1V7",6322-Cooks,1
,,2496340 Ontario Inc.,"London, ON N6H 0H9",6322-Cooks,1
,,2506152 Ontario Inc.,"Mississauga, ON L4Z 1R5",6322-Cooks,1
,,648068 Ontario Inc,"Oakville, ON L6M 0N2","6562-Estheticians, electrologists and related occupations",1
,,779224 Ontario Inc.,"Etobicoke, ON M9V 3Y7",1241-Administrative assistants,1
,,7799012 Canada Inc,"Brampton, ON L6S 0E1",6322-Cooks,1
,,806040 Ontario Ltd,"Toronto, ON M3J 2B9",7335-Other small engine and small equipment repairers,1
,,8766282 Canada Inc.,"Toronto, ON M5S 1X2",6211-Retail sales supervisors,1
,,9023674 Canada Inc,"Pembroke, ON K8A 2E8",6311-Food service supervisors,1
,,9509038 Canada Inc.,"Toronto, ON M4V 1K6",3236-Massage therapists,2
,,Asian Television Network Inc,"Newmarket, ON L3Y 7B6","1212-Supervisors, finance and insurance office workers",1
,,Bassell's Restaurant,"Niagara Falls, ON L2E 4C5",0631-Restaurant and food service managers,1
,,Be Beautiful Salon and Spa Inc,"Thornhill, ON L4J 0H9",6341-Hairstylists and barbers,1
,,Canadian Clothing International Inc,"Scarborough, ON M1B 5S1","9447-Inspectors and graders, textile, fabric, fur and leather products manufacturing",1
,,Canadian Community Table Tennis Association,"Markham, ON L3R 4B2",5251-Athletes,1
,,Canuck Express Ltd,"Burlington, ON L7L 6C9",7511-Transport truck drivers,5
,,Central Animal Hospital Professional Corp.,"Windsor, ON N8W 4J1",3213-Animal health technologists and veterinary technicians,1
,,Citrex Corp.,"Vaughan, ON L4K 4C9",7294-Painters and decorators (except interior decorators),2
,,Digital Extremes Ltd.,"London, ON N6A 6K2",5241-Graphic designers and illustrators,1
,,Distinctive By Design Fine Cabinetry Inc.,"Toronto, ON M4A 1X8",7272-Cabinetmakers,1
,,Dr. Rowena Bucad-Javier Dentistry Prof. Corp.,"East York, ON M4B 1A9",1414-Receptionists,1
,,Eldorado Cleaners Inc.,"Whitby, ON L1N 1E5",6315-Cleaning supervisors,1
,,Falcon Motor Xpress Ltd,"Caledon, ON L7C 2X3",1311-Accounting technicians and bookkeepers,1
,,Gosbee Law Professional Corporation,"Richmond Hill, ON L4B 3H7",1242-Legal administrative assistants,1
,,Grace Transport Inc.,"Strathroy, ON N7G 3H8",7511-Transport truck drivers,1
,,Greenwood Enterprises Inc.,"Huntsville, ON P1H 2K8",6311-Food service supervisors,2
,,Grille De Ville Restaurant Inc.,"St. Isidore, ON K0C 2B0",6322-Cooks,2
,,Hamilton Discount Auto Parts and Supplies Inc.,"Hamilton, ON L8H 5W9","1315-Customs, ship and other brokers",1
,,House of India,"Windsor, ON N8R 0A4",6322-Cooks,1
,,J & J Meat Distributing Inc.,"Schomberg, ON L0G 1T0","9462-Industrial butchers and meat cutters, poultry preparers and related workers",1
,,Kingston Curry Original Restaurant Inc.,"Kingston, ON K7L 2Z4",6322-Cooks,2
,,Linton Services 1992 Inc.,"Ottawa, ON K1B 4T7",0114-Other administrative services managers,1
,,Mazifa Corp,"Toronto, ON M2N 0H4",7611-Construction trades helpers and labourers,1
,,Med Carpentry Inc.,"Pickering, ON L1W 3V4",1241-Administrative assistants,1
,,Midori Sushi Bar & Restaurant Inc.,"Grand Bend, ON N0M 1T0",6321-Chefs,1
,,National Countertops Inc.,"Mississauga, ON L4T 3X2",9437-Woodworking machine operators,1
,,New Casa Abril Restaurant (1205250 Ontario Inc),"Toronto, ON M6E 2W4",6321-Chefs,1
,,OLLY Corporation,"North York, ON M2H 3B4",6211-Retail sales supervisors,1
,,Om Shiv Indiya Brampton Inc.,"Brampton, ON L6T 5E2",6311-Food service supervisors,1
,,Pakhavelly Grill Restaurant and Banquet Inc.,"Mississauga, ON L5S 1W7",6321-Chefs,1
,,Peninsula Motor Sales Ltd.,"Owen Sound, ON N4K 6H6",7322-Motor vehicle body repairers,1
,,Ranger Trucklines Inc.,"Brampton, ON L6W 4T4","1215-Supervisors, supply chain, tracking and scheduling co-ordination occupations",1
,,Sakura Sushi Restaurant,"Simcoe, ON N3Y 4K1",6322-Cooks,1
,,Savic Homes Ltd.,"Kitchener, ON N2A 3W3",7271-Carpenters,5
,,Shyangba Ltd,"Toronto, ON M6J 2Z4",6322-Cooks,1
,,Simply Green Home Services Inc.,"North york, ON M2J 5C1",1435-Collectors,1
,,SMSM Hospitality Inc.,"Richmond Hill, ON L4E 3S8",6311-Food service supervisors,2
,,Soul Restaurants Canada Inc.,"Toronto, ON M2N 6K1",6311-Food service supervisors,2
,,The Church Of The Virgin Mary And St. Athanasius,"Mississauga, ON L5Z 2M4",4214-Early childhood educators and assistants,2
,,Tirajeh Jewelry Inc.,"Thonrhill, ON L3T 0C7","6344-Jewellers, jewellery and watch repairers and related occupations",1
,,Tosho Knife Arts Inc.,"Toronto, ON M5R 3G5",7445-Other repairers and servicers,1
,,VDI / LOL Business International Ltd.,"Ottawa, ON K2P 1X7",1111-Financial auditors and accountants,1
,,Veg Pak Produce Limited,"Etobicoke, ON M8W 3R2","9619-Other labourers in processing, manufacturing and utilities",5
,,Vincent Salon and Spa,"Penetanquishene, ON L9M 1S8",6341-Hairstylists and barbers,1
,  Primary Agriculture,Ausable Orchards Ltd,"London, ON N6P 1M6",8431-General farm workers,2
,,Burm Farms Ltd,"Wallaceburg, ON N8A 4L3",8431-General farm workers,4
,,Canborough Farms Inc,"Dunnville, ON N1A 2W1","8252-Agricultural service contractors, farm supervisors and specialized livestock workers",1
,,Cham Enterprises Limited,"Brussels, ON N0G 1H0","8252-Agricultural service contractors, farm supervisors and specialized livestock workers",1
,,Fletcher Bros. Performance Centres Limited,"Waterford, ON N0E 1Y0","8252-Agricultural service contractors, farm supervisors and specialized livestock workers",1
,,Greenwood Mushroom Farm,"Ashburn, ON L0B 1A0",0821-Managers in agriculture,1
,,J & M Sandhill Greenhouses Ltd,"Leamington, ON N8H 3V5",8432-Nursery and greenhouse workers,4
,,Kells Farms Limited,"Gilford, ON L0L 1R0","8252-Agricultural service contractors, farm supervisors and specialized livestock workers",4
,,L & D Ferragina Ltd,"Bradford, ON L3Z 2P8",8432-Nursery and greenhouse workers,7
,,Luyk's Farms,"Port Stanley, ON N5L 1J1",8431-General farm workers,2
,,Nation Wide Canning Ltd,"Cottam, ON N0R 1B0",8431-General farm workers,1
,,Pure Natures Wellness,"Leamington, ON N8H 3C4",8432-Nursery and greenhouse workers,17
,,Schuyler Farms Limited,"Simcoe, ON N3Y 4K3",8431-General farm workers,2
,,Sunrise Potato Storage Ltd,"Alliston, ON L9R 1V3",8431-General farm workers,4
,,Toppview Farms Inc,"Dunnville, ON N1A 2W4",8432-Nursery and greenhouse workers,2
,,United Bait Inc.,"Stratford, ON N5A 1W3",8611-Harvesting labourers,7
,,WJI Farms Inc,"Wheatley, ON N0P 2P0",8432-Nursery and greenhouse workers,10
Manitoba,    High Wage,Banh Mi King Inc.,"Winnipeg, MB R3C 0G2",0631-Restaurant and food service managers,1
,,Capital Steel Corporation,"Winnipeg, MB R3E 3K4","7201-Contractors and supervisors, machining, metal forming, shaping and erecting trades and related occupations",1
,,Pennos Machining & Mfg Ltd.,"Eden, MB R0J 0M0",7231-Machinists and machining and tooling inspectors,1
,,Rapid Trucking Ltd.,"Winnipeg, MB R2C 5M4",7511-Transport truck drivers,5
,   Low Wage,4462191 MB Ltd,"Brandon, MB R7A 0L7",6315-Cleaning supervisors,3
,,Baexim International Inc,"Grand Rapids, MB R0C 1E0",6322-Cooks,1
,,Falcon Lake Resort Hotel Inc.,"Winnipeg, MB R2G 1L4",6322-Cooks,1
,,House of Nanking Ltd,"Winnipeg, MB R3X 1N6",6322-Cooks,1
,,Medsafe Pharmacy Ltd,"Brandon, MB R7A 5A8",3414-Other assisting occupations in support of health services,1
,,Winniguide Ltd.,"Selkirk, MB R1A 1N3",6322-Cooks,1
,  Primary Agriculture,Bisson Bees,"Dunrea, MB R0K 0S0",0821-Managers in agriculture,1
,,Hamiota Feedlot Ltd.,"Hamiota, MB R0M 0T0","8252-Agricultural service contractors, farm supervisors and specialized livestock workers",2
,,Twin River Ranch,"Hadashville, MB R0E 0X0",8431-General farm workers,2
,,Wenkai Oriental Vegetables,"Elie, MB R0H 0H0",8431-General farm workers,1
Saskatchewan,    High Wage,101093186 Saskatchewan Ltd,"Regina, SK S0H 5K0","7321-Automotive service technicians, truck and bus mechanics and mechanical repairers",1
,,101134672 Saskatchewan Ltd.,"Saskatoon, SK S7P 0E1",7511-Transport truck drivers,12
,,Ag-Com Transport Ltd.,"Melfort, SK S0E 1A0",7511-Transport truck drivers,3
,,Kabab King Restaurant Corp.,"Saskatoon, SK S7N 3A4",6322-Cooks,3
,   Low Wage,101180736 Sask. Ltd.,"Regina, SK S4V 3E1","6711-Food counter attendants, kitchen helpers and related support occupations",1
,,Ag-Com Transport Ltd.,"Melfort, SK S0E 1A0",7612-Other trades helpers and labourers,1
,,Let Our Residents Dance Care Home Inc,"Preeceville, SK S0A 3B0","3413-Nurse aides, orderlies and patient service associates",1
,,Vrinda Foods Ltd.,"Swift Current, SK S9H 3S8","6711-Food counter attendants, kitchen helpers and related support occupations",1
,,Wheatbelt Sales (2003) Inc.,"Wadena, SK S0A 4J0",7612-Other trades helpers and labourers,1
,,Yusuf's Home Daycare,"Regina, SK S4T 2M2",4214-Early childhood educators and assistants,1
,  Primary Agriculture,Cairnside Farms Ltd.,"Harris, SK S0L 1K0","8252-Agricultural service contractors, farm supervisors and specialized livestock workers",1
Alberta,    High Wage,1262473 Alberta Ltd,"Calgary, AB T2T 0C4",6322-Cooks,1
,,4 Wheel Collision - Frame Ltd.,"Edmonton, AB T6B 2H8",1522-Storekeepers and partspersons,2
,,694219 Alberta Ltd.,"Sherwood Park, AB T8B 1C9","7305-Supervisors, motor transport and other ground transit operators",1
,,A&T Talents LTD,"Calgary, AB T2K 3T2","0013-Senior managers - financial, communications and other business services",1
,,Alberta College of Acupuncture & Traditional Chinese Medicine,"Calgary, AB T3A 2N1",6314-Customer and information services supervisors,1
,,Alberta Geomatics Inc.,"Edmonton, AB T6E 5K8",2254-Land survey technologists and technicians,1
,,Aurora Industries Ltd,"Edmonton, AB T6E 5R6","7384-Other trades and related occupations, n.e.c.",2
,,Be. Do. Well Inc.,"Calgary, AB T2G 1H5",2282-User support technicians,1
,,Canadian Cribbing (EDM) Ltd.,"Edmonton, AB T6N 1A8","7204-Contractors and supervisors, carpentry trades",1
,,Conqur Industries Inc.,"Two Hills, AB T0B 4K0",0621-Retail and wholesale trade managers,1
,,Cox Contractors Ltd.,"High Prairie, AB T0G 1E0","1215-Supervisors, supply chain, tracking and scheduling co-ordination occupations",1
,,Cynkon Inc,"Edmonton, AB T6W 0H8",1122-Professional occupations in business management consulting,1
,,Eau Claire Distillery Ltd,"Turner Valley, AB T0L 2A0","9461-Process control and machine operators, food, beverage and associated products processing",1
,,Gongfu International Ltd.,"Red Deer, AB T4N 6B9",3236-Massage therapists,1
,,Graham Management Services LP,"Calgary, AB T2Z 3R6",0711-Construction managers,1
,,Green Around Construction Ltd,"Edmonton, AB T6V 1W8",7521-Heavy equipment operators (except crane),1
,,Hi-Tech Business Systems Ltd.,"Grande Prairie, AB T8V 0V4",6221-Technical sales specialists - wholesale trade,1
,,I.T. Quality Inc,"Fort McMurray, AB T9K 0P8",2281-Computer network technicians,1
,,Independent Baptist Christian Education Society,"Spruce Grove, AB T7X 3H5",0714-Facility operation and maintenance managers,1
,,Math and Tutor Ltd.,"Calgary, AB T2Z 0X3",4216-Other instructors,1
,,Maxxam Analytics International Corporation,"Edmonton, AB T6B 3M9",0212-Architecture and science managers,1
,,MediDirect Inc.,"Calgary, AB T3B 4Z1",0125-Other business services managers,1
,,Minit Lube Limited,"Calgary, AB T3C 2G3",0621-Retail and wholesale trade managers,1
,,Noresask Pumping Inc.,"Edmonton, AB T6B 3M3",7282-Concrete finishers,3
,,Northern Concrete Services Ltd,"St. Albert, AB T8N 5A3",7611-Construction trades helpers and labourers,8
,,Reel Camping Ltd.,"Devon, AB T9G 1H5","7321-Automotive service technicians, truck and bus mechanics and mechanical repairers",1
,,SP Painting Company Ltd.,"Edmonton, AB T6M 0K5",7294-Painters and decorators (except interior decorators),2
,,The S.H.A.R.P. Foundation,"Calgary, AB T2H 0A1","1123-Professional occupations in advertising, marketing and public relations",1
,,Unic Roofing Ltd,"Calgary, AB T2M 2P3",7291-Roofers and shinglers,2
,   Low Wage,1062080 Alberta Ltd. o/a Bigstone ESSO,"Wabasca, AB T0G 2K0",6311-Food service supervisors,1
,,1093855 BC Ltd.,"Calgary, AB T2G 5M2","0651-Managers in customer and personal services, n.e.c.",1
,,1151178 Alberta Ltd o/a Western Valley Inn,"Valleyview, AB T0H 3N0",6322-Cooks,1
,,1193482 Alberta Ltd,"Calgary, AB T3K 4L2",6311-Food service supervisors,1
,,1262473 Alberta Ltd,"Calgary, AB T2T 0C4",6322-Cooks,2
,,1336648 Alberta Ltd,"Beaverlodge, AB T0H 0C0",6311-Food service supervisors,1
,,1371487 Alberta Ltd,"Cochrane, AB T4C 0E6",6316-Other services supervisors,1
,,1403013 Alberta Ltd,"Edmonton, AB T5C 2A7",6211-Retail sales supervisors,1
,,1408778 Alberta Ltd,"High River, AB T1V 2A6",9423-Rubber processing machine operators and related workers,1
,,1476257 Alberta Ltd.o/a Taiwan Express,"Edmonton, AB T6E 4E3",6311-Food service supervisors,1
,,1482465 Alberta Ltd.,"Leduc, AB T9E 8N4",6311-Food service supervisors,1
,,,,6322-Cooks,1
,,149 St. Burgers Ltd.,"Edmonton, AB T6H 4R7",6311-Food service supervisors,1
,,1630576 Alberta Inc,"Calgary, AB T2Z 4C9",6316-Other services supervisors,1
,,1637200 Alberta Ltd,"Edmonton, AB T6X 0P2",6311-Food service supervisors,1
,,,,6322-Cooks,1
,,1666251 Alberta Ltd,"High Level, AB T0H 1Z0",6211-Retail sales supervisors,1
,,1677016 Alberta Ltd,"Edmonton, AB T6E 0T2",6322-Cooks,1
,,1688707 Alberta Corp,"Calgary, AB T2Y 5G7",0631-Restaurant and food service managers,1
,,1795409 Alberta Ltd.,"Hinton, AB T7V 2G2",6311-Food service supervisors,1
,,1800519 Alberta Ltd,"St. Albert, AB T8N 5S8",6311-Food service supervisors,1
,,1810402 Alberta Ltd,"Calgary, AB T2G 0P5",6322-Cooks,1
,,1840991 Alberta Ltd.,"Calgary, AB T1Y 1R6",6211-Retail sales supervisors,1
,,1853132 Alberta Ltd.,"Sherwood Park, AB T8H 0B8",6322-Cooks,1
,,1865549 Alberta Ltd o/a TIM HORTONS,"Edmonton, AB T5Z 3X1",6332-Bakers,4
,,1876156 Alberta Ltd,"Airdrie, AB T4A 0H5",0631-Restaurant and food service managers,1
,,1879959 Alberta Ltd,"Edmonton, AB T5E 6E5","6711-Food counter attendants, kitchen helpers and related support occupations",1
,,1899003 Alberta Ltd,"Sherwood Park, AB T8A 0C9",6311-Food service supervisors,1
,,1913808 Alberta Ltd,"Edmonton, AB T5A 5A1",6322-Cooks,1
,,1917020 Alberta LTD,"Edmonton, AB T5J 2B8",6311-Food service supervisors,1
,,1963350 AB Ltd /The Boot,"Cochrane, AB T4C 1X6",6311-Food service supervisors,1
,,1971679 Alberta Inc.,"Edmonton, AB T6M 0M8",6341-Hairstylists and barbers,1
,,2004384 Alberta Ltd.,"Leduc, AB T9E 0J6",6311-Food service supervisors,2
,,2017373 Alberta Ltd o/a Jimmy's Gas Bar,"Driftpile, AB T0G 0V0",6211-Retail sales supervisors,1
,,592467 Alberta Ltd.o/a Escada Hair International,"Edmonton, AB T6K 4B4",6316-Other services supervisors,1
,,640988 Alberta Ltd o/a Aspen Motor Inn & DV Food Store,"Drayton Valley, AB T7A 1M4",6211-Retail sales supervisors,1
,,914703 Alberta Ltd,"Red Deer County, AB T4E 0A5",6322-Cooks,2
,,A1 Triple X Ltd.,"Calgary, AB T3J 0J5",1221-Administrative officers,1
,,ABS Truckwash and Lube Ltd,"Edmonton, AB T5W 5J6",6315-Cleaning supervisors,1
,,Areo Homes Pvt Ltd,"Edmonton, AB T6N 1B7",7611-Construction trades helpers and labourers,2
,,Aztec Renovations & Refit Inc,"Calgary, AB T2E 6L5","9224-Supervisors, furniture and fixtures manufacturing",2
,,Bam-Bam Pizza Inc.,"Calgary, AB T2Z 0G4",6311-Food service supervisors,1
,,Bice & Son's Drywall Service Ltd.,"Medicine Hat, AB T1B 4C7","7284-Plasterers, drywall installers and finishers and lathers",1
,,Black Sheep Holdings,"Jasper, AB T0E 1E0",6322-Cooks,2
,,Borealis Diamonds Ltd,"Fort McMurray, AB T9H 5P8",6211-Retail sales supervisors,1
,,Canada North Camps Inc,"Edmonton, AB T5L 5V8",6321-Chefs,1
,,Chandigarh Styles & Trendz Ltd.,"Edmonton, AB T6E 5P2","6342-Tailors, dressmakers, furriers and milliners",1
,,Creek Side Pub Holdings Ltd,"Calgary, AB T3J 0A3",6322-Cooks,2
,,Crowbar Lounge Inc,"Coleman, AB T0K 0M0",6322-Cooks,1
,,D & R Construction Ltd.,"Edmonton, AB T6W 2M9",7294-Painters and decorators (except interior decorators),1
,,D.S. Waldie Holdings Inc,"Edmonton, AB T5A 1C2",6211-Retail sales supervisors,2
,,Denny's Restaurant,"Calgary, AB T2H 0B8",6322-Cooks,3
,,Dezi's Plastering Inc,"Calgary, AB T3Z 0A1","7284-Plasterers, drywall installers and finishers and lathers",2
,,DK Total Home Solutions Ltd,"Foothills, AB T1S 3W5",7272-Cabinetmakers,1
,,Elements Retail Group Inc,"Calgary, AB T2E 6W5","6562-Estheticians, electrologists and related occupations",3
,,Emkay H Associates Ltd. a/o Papa John's Pizza,"Fort Saskatchewan, AB T8L 4P7",6311-Food service supervisors,2
,,Fashion Hair Centre,"Edmonton, AB T6C 0Y4",6341-Hairstylists and barbers,1
,,FX Inc.,"Edmonton, AB T5T 3J7","6562-Estheticians, electrologists and related occupations",2
,,Galaxy Granite Ltd,"Calgary, AB T2E 6N2","9414-Concrete, clay and stone forming operators",1
,,Geo Auto Sale Ltd.,"Calgary, AB T3J 3W2",6211-Retail sales supervisors,1
,,GN Building Ltd.,"Calgary, AB T2S 1H8","7284-Plasterers, drywall installers and finishers and lathers",1
,,Gold Line Paint Ltd,"Calgary, AB T3K 5R8",7294-Painters and decorators (except interior decorators),2
,,Golden MS Ltd,"Fox Creek, AB T0H 1P0",6322-Cooks,1
,,Gymtastics Inc.,"Calgary, AB T2H 2S5",5252-Coaches,1
,,Hong Fah Thai Restaurant Ltd.,"Grande Prairie, AB T8V 8L1",6322-Cooks,1
,,Hot Million Indian Cuisine Inc,"Calgary, AB T1Y 5S3",6322-Cooks,1
,,IBN Group Ltd.,"Valleyview, AB T0H 3N0",6211-Retail sales supervisors,1
,,Interiors on Main Inc,"Camrose, AB T4V 1P9",6211-Retail sales supervisors,1
,,J & M Auto Detailing Ltd.,"Calgary, AB T2A 2P3",6315-Cleaning supervisors,1
,,Jerusalem Shawarma Inc,"Calgary, AB T2M 0H9",6322-Cooks,2
,,Just Bishmillah Inc,"Edmonton, AB T6X 0K6",6311-Food service supervisors,1
,,Jutt Management Inc.,"Edmonton, AB T5Y 3J4",6211-Retail sales supervisors,4
,,KNSS Auto Ltd.,"Calgary, AB T2E 7C8",6732-Specialized cleaners,1
,,Las Canarias Services Corp,"Calgary, AB T2T 0B6",0631-Restaurant and food service managers,1
,,Lube City Corp,"Edmonton, AB T6E 5X7",7535-Other automotive mechanical installers and servicers,1
,,Lynx Brand Fence Products Alta. Ltd,"Calgary, AB T2C 2J2",1521-Shippers and receivers,1
,,Mel's U Drives (1978) Ltd,"Grande Prairie, AB T8V 4J1",6315-Cleaning supervisors,1
,,MRD Transport Ltd,"Edmonton, AB T5Y 0L6",6732-Specialized cleaners,1
,,Nanak Driving School Ltd.,"Edmonton, AB T6T 0P3",1221-Administrative officers,1
,,Northen Lights Granite Ltd.,"St. Albert, AB T8N 5L2",7283-Tilesetters,1
,,ProBond Systems Inc.,"Edmonton, AB T5S 1X2",7291-Roofers and shinglers,3
,,RedPath Inns Ltd,"Lethbridge, AB T1K 2P8",6315-Cleaning supervisors,1
,,Restaurex Partners Inc.,"Sherwood Park, AB T8H 0B8",6322-Cooks,1
,,Rimar Holdings Ltd.,"High Level, AB T0H 1Z0",6315-Cleaning supervisors,1
,,Rockwood Management Ltd,"Edmonton, AB T5K 0E7",6315-Cleaning supervisors,1
,,Roof Runner Roofing Ltd.,"Red Deer Country, AB T4S 2A4","7205-Contractors and supervisors, other construction trades, installers, repairers and servicers",1
,,Rose Country Inn,"Wetaskiwin, AB T9A 1J7",6513-Food and beverage servers,1
,,Saj Traders Inc.,"Lethbridge, AB T1J 5J1",6211-Retail sales supervisors,1
,,Smithco Enterprises Ltd,"Grande Prairie, AB T8X 0K7","6711-Food counter attendants, kitchen helpers and related support occupations",2
,,Specon Construction Inc.,"Chestermere, AB T1X 0M7",7272-Cabinetmakers,1
,,Stigg Security Inc,"Fort McMurray, AB T9K 0P8",6316-Other services supervisors,2
,,Syphay Restaurant Ltd,"Edmonton, AB T6H 1G9",6311-Food service supervisors,1
,,Three North Clean Inc,"Calgary, AB T3M 1P3",6315-Cleaning supervisors,1
,,Triple C's Foods Group Inc,"Cold Lake, AB T9M 0G1",6311-Food service supervisors,2
,,Two Hills Auto & Industrial Supply Ltd.,"Two Hills, AB T0B 4K0",1522-Storekeepers and partspersons,1
,,Ultimate Fixx Ltd.,"Calgary, AB T2C 2P5",6732-Specialized cleaners,1
,,Vine Vera Resveratrol Skin Care,"Edmonton, AB T6M 2N1",6211-Retail sales supervisors,2
,  Primary Agriculture,821778 Alberta Ltd.,"Sturgeon County, AB T8T 0B2","8255-Contractors and supervisors, landscaping, grounds maintenance and horticulture services",1
,,Blue Grass Sod Farms Ltd,"Red Deer County, AB T4S 2A9","8255-Contractors and supervisors, landscaping, grounds maintenance and horticulture services",1
,,Elk-A-Rosa Ranch Ltd,"Beaverlodge, AB T0H 0C0",8431-General farm workers,1
,,Scandia Honey Corporation,"Scandia, AB T0J 2Z0",8431-General farm workers,4
,,Shipwheel Cattle Feeders Ltd,"Taber, AB T1G 2C9","8252-Agricultural service contractors, farm supervisors and specialized livestock workers",1
,,Total Maintenance Services Inc.,"Edmonton, AB T6R 1V5","8255-Contractors and supervisors, landscaping, grounds maintenance and horticulture services",1
British Columbia,    High Wage,0890371 B.C. Ltd.,"Mission, BC V2V 1A9","1215-Supervisors, supply chain, tracking and scheduling co-ordination occupations",1
,,1101154 BC Ltd,"Vancouver, BC V5X 2A7",6322-Cooks,2
,,Aarc-West Mechanical Insulation (2013) Inc,"Surrey, BC V3S 3M3",7293-Insulators,1
,,Active Fire & Safety Services Ltd.,"Surrey, BC V3W 3H7","1215-Supervisors, supply chain, tracking and scheduling co-ordination occupations",2
,,Aedis Games Inc.,"Vancouver, BC V6J 1X2",2173-Software engineers and designers,1
,,Al Stober Construction Ltd,"Kelowna, BC V1Y 0B5",1224-Property administrators,1
,,AS2 Framing Ltd.,"Surrey, BC V3W 0K2",7271-Carpenters,1
,,Ashton Mechanical Ltd,"Richmond, BC V6X 3M4",7313-Refrigeration and air conditioning mechanics,1
,,Auto Den Repair Ltd.,"Surrey, BC V3W 1B3","7321-Automotive service technicians, truck and bus mechanics and mechanical repairers",1
,,Baran Steel Placing Rebar Inc,"Vancouver, BC V5S 4R6",7236-Ironworkers,6
,,Bardel (CAT) Productions Services Inc.,"Vancouver, BC V6J 1J8",5241-Graphic designers and illustrators,2
,,Bardel (DP) Production Services Inc.,"Vancouver, BC V6J 1J8",5241-Graphic designers and illustrators,1
,,Bardel (DRR) Production Services Inc,"Vancouver, BC V6J 1J8",5241-Graphic designers and illustrators,1
,,BCP Installations Ltd.,"Coquitlam, BC V3K 6W9","7205-Contractors and supervisors, other construction trades, installers, repairers and servicers",1
,,,,"7284-Plasterers, drywall installers and finishers and lathers",1
,,Beach Grove Motel Ltd,"Delta, BC V4L 5X9",0632-Accommodation service managers,1
,,Belle & Wingi Innovative Company Ltd.,"Kelowna, BC V1Y 2A7",0114-Other administrative services managers,1
,,BMS Plumbing & Mechanical Systems Ltd,"Vancouver, BC V5L 3K6",7251-Plumbers,1
,,Bright Transport Ltd.,"Surrey, BC V3W 1K6",7511-Transport truck drivers,4
,,Canadian In Home Care Assistance Inc.,"West Vancouver, BC V7T 1A2","1213-Supervisors, library, correspondence and related information workers",2
,,Canadian Phytopharmaceuticals Corp.,"Richmond, BC V6W 1K8","0124-Advertising, marketing and public relations managers",1
,,Charlien Trucking Ltd,"Surrey, BC V3S 9G9",7511-Transport truck drivers,2
,,CSK Concrete Group Ltd.,"Vancouver, BC V6E 4S1",7282-Concrete finishers,2
,,DCS Fitness & Martial Arts Ltd.,"Vancouver, BC V6A 2Z9","0513-Recreation, sports and fitness program and service directors",1
,,Delta Pizza Ltd.,"Surrey, BC V3W 1B3","0124-Advertising, marketing and public relations managers",1
,,Devson Freightways Ltd,"Surrey, BC V3W 3E9","7305-Supervisors, motor transport and other ground transit operators",1
,,Dhillon Truck Repair Ltd.,"Surrey, BC V3R 2V8",7237-Welders and related machine operators,1
,,Division 9 Contractors Ltd,"Surrey, BC V3S 8Z8","7205-Contractors and supervisors, other construction trades, installers, repairers and servicers",1
,,Dumondes Service Management INC.,"Vancouver, BC V5R 0A7","7305-Supervisors, motor transport and other ground transit operators",1
,,Elk Valley Painting & Decorating,"Fernie, BC V0B 1M0",7294-Painters and decorators (except interior decorators),1
,,ESK Enterprises Ltd,"Richmond, BC V6X 3R9",6315-Cleaning supervisors,1
,,Euro Painting Ltd.,"Langley, BC V2Y 2Y5",7294-Painters and decorators (except interior decorators),5
,,F R C Transport Ltd.,"Surrey, BC V3V 1B9",1221-Administrative officers,1
,,Fang Design Studio Inc.,"Vancouver, BC V5Y 1N5",2253-Drafting technologists and technicians,1
,,First Choice Stucco Ltd.,"Surrey, BC V3T 2H1","7284-Plasterers, drywall installers and finishers and lathers",2
,,Foot Prints of the Teddy Bear Salon Ltd.,"Vancouver, BC V6Z 2A8",3232-Practitioners of natural healing,1
,,Ginger Garlic Cuisine of India Ltd.,"Vancouver, BC V6G 1W2",6322-Cooks,1
,,GPS Galaxy Pacific Services Ltd,"Surrey, BC V5V 3H2","1215-Supervisors, supply chain, tracking and scheduling co-ordination occupations",1
,,Grandvilla Construction Ltd.,"Surrey, BC V3T 1S9",1311-Accounting technicians and bookkeepers,1
,,Hans Demolition & Excavating Ltd.,"Surrey, BC V3X 3S9",7511-Transport truck drivers,3
,,Harman Drywall Ltd.,"Surrey, BC V3X 3M6",1241-Administrative assistants,1
,,Henriquez Production Ltd.,"Vancouver, BC V6B 2A3",2251-Architectural technologists and technicians,1
,,Hi-Tech Forming Ltd.,"Abbotsford, BC V3G 2Y1",7271-Carpenters,1
,,Imperial Ceramica Ltd.,"Delta, BC V4C 3L4",7283-Tilesetters,1
,,Inertia Carrier Ltd,"Abbotsford, BC V2T 5K3",7511-Transport truck drivers,4
,,JVP Transport Ltd,"Abbotsford, BC V2T 4X8",1221-Administrative officers,1
,,,,1241-Administrative assistants,1
,,,,1311-Accounting technicians and bookkeepers,1
,,Kerkhoff Construction (2016) Ltd,"Chilliwack, BC V2R 3V1",0711-Construction managers,1
,,Kraico Mechanical Ltd.,"Port Coquitlam, BC V3C 6N2","7252-Steamfitters, pipefitters and sprinkler system installers",1
,,Liquid Sound Inc,"Vancouver, BC V6R 2H7","1123-Professional occupations in advertising, marketing and public relations",1
,,lululemon athletica Canada Inc.,"Vancouver, BC V6J 1C7",1122-Professional occupations in business management consulting,1
,,,,2115-Other professional occupations in physical sciences,1
,,Make Door Pro Your Garage Door Company Ltd.,"Surrey, BC V3W 0A8",7441-Residential and commercial installers and servicers,1
,,Maki Sushi Ltd.,"Kelowna, BC V1Y 6C7",6322-Cooks,1
,,Mann Construction Group Canada Ltd.,"Surrey, BC V3V 0C9","7302-Contractors and supervisors, heavy equipment operator crews",1
,,"Mole Hill Montessori, Ltd.","Vancouver, BC V6X 1W7",4032-Elementary school and kindergarten teachers,1
,,National Truck Centre Inc.,"Langley, BC V1M 4B9","7321-Automotive service technicians, truck and bus mechanics and mechanical repairers",1
,,New City Contracting Ltd.,"Vancouver, BC V6A 2E3","7204-Contractors and supervisors, carpentry trades",3
,,OCK Tour Ltd,"Coquitlam, BC V3K 3V8","6313-Accommodation, travel, tourism and related services supervisors",1
,,Ornament Tiles and Surface Ltd.,"Surrey, BC V4N 4N2",7283-Tilesetters,1
,,Padda Enterprises Ltd.,"Surrey, BC V3T 1E6",0631-Restaurant and food service managers,1
,,Percy John Flooring Ltd.,"Burnaby, BC V5A 3H4",1241-Administrative assistants,1
,,Philstar Roofing & Disposal Ltd,"Surrey, BC V3V 0B8",7271-Carpenters,2
,,,,7291-Roofers and shinglers,3
,,Popular Group Investments Ltd,"Surrey, BC V3W 5B4",6315-Cleaning supervisors,1
,,Prestige Joinery Ltd,"Victoria, BC V9A 3Y9","9227-Supervisors, other products manufacturing and assembly",1
,,Prime International Van Line Inc,"Coquitlam, BC V3K 6R2","1215-Supervisors, supply chain, tracking and scheduling co-ordination occupations",1
,,Rakes and Ladders Garden and Property Services,"Vancouver, BC V6K 4P4",2264-Construction inspectors,1
,,Rami's Cut Barber Shop Ltd.,"Maple Ridge, BC V2X 2T3",6211-Retail sales supervisors,1
,,Razin Enterprises Ltd,"Harrison Hot Springs, BC V0M 1K0",0621-Retail and wholesale trade managers,1
,,RC World Ltd,"Vancouver, BC V5N 2H3",0111-Financial managers,1
,,Re:Function Health Group Inc.,"Richmond, BC V7C 5C2",3142-Physiotherapists,1
,,Right Link Logistics Ltd.,"Abbotsford, BC V2S 7N2",1241-Administrative assistants,1
,,,,1311-Accounting technicians and bookkeepers,1
,,,,"7321-Automotive service technicians, truck and bus mechanics and mechanical repairers",1
,,Sangam Auto Body Ltd.,"Surrey, BC V3W 0A6",7231-Machinists and machining and tooling inspectors,1
,,Satkul Developments Ltd.,"Surrey, BC V4N 4S4","1215-Supervisors, supply chain, tracking and scheduling co-ordination occupations",1
,,Scanline VFX Inc.,"Vancouver, BC V6B 2W2",5241-Graphic designers and illustrators,1
,,SLICC Professional Services Ltd.,"Vancouver, BC V5M 1A4",7282-Concrete finishers,1
,,,,8612-Landscaping and grounds maintenance labourers,1
,,Softrak Systems Inc,"Vancouver, BC V6J 5B3","1123-Professional occupations in advertising, marketing and public relations",1
,,Sprinkl-Tech Installations Inc.,"Vancouver, BC V6K 0E9",2242-Electronic service technicians (household and business equipment),3
,,Summerland Estate Ltd.,"West Vancouver, BC V7V 3Z9",0911-Manufacturing managers,1
,,Sunny Beach Motel Inc,"Penticton, BC V2A 6H9",0632-Accommodation service managers,1
,,SVK Express Ltd.,"Surrey, BC V3V 5S9",1241-Administrative assistants,1
,,The Bombay Sweets 2009 Ltd,"Port Coquitlam, BC V3C 3H1",0621-Retail and wholesale trade managers,1
,,,,6322-Cooks,1
,,Topwin Auto Centre Inc,"Richmond, BC V6X 2B8",6211-Retail sales supervisors,1
,,Tramtec Holdings Ltd,"Langley, BC V3A 1N2","7321-Automotive service technicians, truck and bus mechanics and mechanical repairers",1
,,Trinity Products Inc.,"Burnaby, BC V5J 4N3",7231-Machinists and machining and tooling inspectors,1
,,Venture North Holdings Ltd.,"Dawson Creek, BC V1G 0E4",7271-Carpenters,1
,,Vidao Messenger Inc.,"Vancouver, BC V6E 3L2",2174-Computer programmers and interactive media developers,2
,,Virtuous Pie Corp,"Vancouver, BC V6E 2K3",0631-Restaurant and food service managers,1
,,West Beach Window Coverings Ltd.,"Vancouver, BC V5Z 1K7",7441-Residential and commercial installers and servicers,1
,,Will-Be-Done Enterprises Ltd,"Penticton, BC V2A 5G4",1311-Accounting technicians and bookkeepers,1
,,Wing Wing Company limited,"Vancouver, BC V6A 1P7",0621-Retail and wholesale trade managers,1
,,Ya-Hsin Enterprise Ltd.,"Richmond, BC V6X 3K1","0013-Senior managers - financial, communications and other business services",1
,,Yogabody Lifestyle Shop Ltd,"New Westminster, BC V3M 0G3","0651-Managers in customer and personal services, n.e.c.",1
,   Low Wage,0850180 BC Ltd.,"Burnaby, BC V5H 3Z6",6311-Food service supervisors,1
,,0881124 BC Ltd.,"Coquitlam, BC V3B 0B2",6322-Cooks,1
,,0905666 BC Ltd,"Langley, BC V4W 3Z3","6711-Food counter attendants, kitchen helpers and related support occupations",1
,,0954493 BC Ltd,"Fort St.John, BC V1J 0J3",6322-Cooks,1
,,0974614 BC Ltd,"Westbank, BC V4T 3E6",6311-Food service supervisors,1
,,1004404 BC Ltd. o/a Spicy Fusion,"Fort St John, BC V1J 1W4",0631-Restaurant and food service managers,1
,,1014141 Alberta Ltd o/a Citadella Restaurant,"Raduim Hot Springs, BC V0A 1M0",6322-Cooks,1
,,1100 Burrard Holdings Ltd.,"Vancouver, BC V6Z 1Y7",6525-Hotel front desk clerks,1
,,A-1 Truss (2002) Ltd,"Surrey, BC V3W 4G2","9619-Other labourers in processing, manufacturing and utilities",5
,,Aguila Food Corporation,"Vancouver, BC V7Y 1C6","6711-Food counter attendants, kitchen helpers and related support occupations",1
,,Air Hair Salon & Esthetics Ltd.,"Vancouver, BC V6B 2B5",6341-Hairstylists and barbers,1
,,Alpha Two Hair Innovations Ltd.,"Richmond, BC V6Y 4B2",6341-Hairstylists and barbers,1
,,Breka Downtown Bakery & Cafe Inc.,"Vancouver, BC V6E 1Y4",6311-Food service supervisors,1
,,BS4U Japanese Restaurant Ltd,"Vancouver, BC V5N 1W1",6322-Cooks,1
,,Burnaby Lake Greenhouses Ltd,"Surrey, BC V4N 3G4",2225-Landscape and horticulture technicians and specialists,1
,,Cafe Gloucester Ltd,"Vancouver, BC V5Z 2W5",6321-Chefs,1
,,"Canaan Shipping Co., Ltd","Richmond, BC V6V 3C9",6552-Other customer and information services representatives,1
,,Carrington Animal Hospital LTD,"West Kelowna, BC V4T 2N6",3213-Animal health technologists and veterinary technicians,1
,,Chandni Enterprises Ltd,"Kelowna, BC V1X 3H6",6322-Cooks,1
,,Choy's Holdings Incorporated,"Richmond, BC V6X 3H4","9462-Industrial butchers and meat cutters, poultry preparers and related workers",4
,,Costa Del Sol Holdings Ltd.,"Sechelt, BC V0N 3A0",6322-Cooks,3
,,Critter Care Wildlife Society,"Langley, BC V2Z 1R6",6563-Pet groomers and animal care workers,1
,,Dae Ya Holdings Ltd.,"Abbotsford, BC V2S 3P6",6321-Chefs,1
,,Dynamic Windows & Doors Inc,"Abbotsford, BC V2T 6W3","9537-Other products assemblers, finishers and inspectors",12
,,Elite Child Care Inc o/a Daycare Plus Child Development Centre,"West Vancouver, BC V7V 1S4",4214-Early childhood educators and assistants,1
,,Falcon Foods Ltd,"Osoyoos, BC V0H 1V3",0631-Restaurant and food service managers,1
,,Farfalla Cafe Ltd.,"Burnaby, BC V5C 5J2",6322-Cooks,1
,,Fornax Holdings Ltd,"Vancouver, BC V6E 1N1",6332-Bakers,3
,,Fraser Pacific Enterprises Inc.,"Mission, BC V2V 5T1",1111-Financial auditors and accountants,1
,,Galaxy Insulation & Drywall Ltd.,"Surrey, BC V3V 8A9",7611-Construction trades helpers and labourers,2
,,Genji Enterprises Ltd,"North Vancouver, BC V7H 2Y5",6311-Food service supervisors,1
,,Georgia Pizza Inc. dba Domino's Pizza,"Whistler, BC V0N 1B4",6311-Food service supervisors,1
,,Ginger Indian Cusine Inc.,"Richmond, BC V6X 3R2",6322-Cooks,2
,,GK Fresh Foods Ltd.,"Lillooet, BC V0K 1V0","6711-Food counter attendants, kitchen helpers and related support occupations",2
,,Gold Star Investments Ltd,"Vancouver, BC V6G 2L8",6322-Cooks,2
,,Great Heights Buidling Maintenance Ltd.,"Vancouver, BC V5T 4M9",6315-Cleaning supervisors,1
,,Grouse Creek Hotel Ltd.,"Surrey, BC V3V 5W3",6312-Executive housekeepers,1
,,Helena Hair Salon,"North Vancouver, BC V7L 2P9",6341-Hairstylists and barbers,1
,,Hiko Sushi,"Abbotsford, BC V3G 2K8",6322-Cooks,1
,,Hiraku Sushi Ltd.,"Coquitlam, BC V3E 0J5",6322-Cooks,1
,,Hong-Min Food Corporation,"Richmond, BC V6X 3K8",6322-Cooks,1
,,Imperial Ceramica Ltd.,"Delta, BC V4C 3L4",7611-Construction trades helpers and labourers,1
,,Inifinity Langley Ventures Inc - Montana 3072,"Langley, BC V3A 9J7",0631-Restaurant and food service managers,2
,,Inno Foods Inc.,"Coquitlam, BC V3K 7C2","9617-Labourers in food, beverage and associated products processing",2
,,International Cosmeticare Inc.,"Richmond, BC V7A 4X9",6314-Customer and information services supervisors,1
,,Island Vibez Hair Studio and Accessories Inc,"Surrey, BC V3T 2A9",6341-Hairstylists and barbers,1
,,Kami Pizza Ltd.,"Kamloops, BC V2C 0B6",6322-Cooks,3
,,Kamloops Thai Massage,"Kamloops, BC V1S 1T7",3236-Massage therapists,3
,,Kent Picture Framing Ltd.,"Vancouver, BC V6J 1V4",5212-Technical occupations related to museums and art galleries,1
,,KJH Langley Sushi Mori Restaurant Ltd.,"Langley, BC V2Y 1A6",6322-Cooks,1
,,Koutsantonis Enterprises Ltd.,"Kelowna, BC V1X 1X6",6321-Chefs,1
,,La Meza Grill Ltd,"Surrey, BC V3V 7K5",6322-Cooks,1
,,Luso Concrete (2007) Ltd.,"Maple Ridge, BC V2X 9J8",7611-Construction trades helpers and labourers,2
,,M.K.M. Food Services Ltd.,"Kamloops, BC V2B 8B7",6311-Food service supervisors,1
,,Mai Thai Thai Restaurant Ltd.,"Prince George, BC V2L 2A6",6322-Cooks,1
,,Mamalee Malaysian Delight Ltd.,"Vancouver, BC V6K 2H3",6322-Cooks,1
,,Minerva Pizza & Restaurants Ltd.,"Vancouver, BC V6M 2A5",6321-Chefs,1
,,Mitgar Enterprises Ltd,"Sooke, BC V9Z 0A5","6711-Food counter attendants, kitchen helpers and related support occupations",1
,,N S H Enterprises Ltd.,"Vancouver, BC V6Z 1A6",6311-Food service supervisors,1
,,New Beginnings Early Learning (Richmond) Ltd.,"Richmond, BC V6X 2A4",4214-Early childhood educators and assistants,1
,,New Concept Motors Inc.,"New Westminister, BC V3L 3E9",6211-Retail sales supervisors,1
,,Nikolai Manufacturing Inc.,"New Westminster, BC V3M 6L5",7611-Construction trades helpers and labourers,1
,,,,9533-Other wood products assemblers and inspectors,1
,,Pacific Hotel Ltd,"Greenwood, BC V0H 1J0",6321-Chefs,1
,,,,6322-Cooks,1
,,Padda Enterprises Ltd.,"Surrey, BC V3T 1E6",6322-Cooks,1
,,Payless Auto Towing Ltd.,"North Vancouver, BC V7J 3V8",7452-Material handlers,1
,,Pearl Investments Inc.,"Smithers, BC V0J 2N0",6311-Food service supervisors,1
,,Pender Auto Body Ltd.,"Vancouver, BC V5L 1W2",7322-Motor vehicle body repairers,2
,,Play-n-Grow Child Care Centre Inc.,"Surrey, BC V3V 7J2",4214-Early childhood educators and assistants,1
,,Potter's Garden Korean Restaurant Ltd.,"Burnaby, BC V5H 2G3",6322-Cooks,1
,,Prospective Investment Inc.,"Richmond, BC V6V 2X8",4214-Early childhood educators and assistants,1
,,Red Resort Limited Partnership,"Rossland, BC V0G 1Y0","0513-Recreation, sports and fitness program and service directors",1
,,S Sangha Enterprises Ltd,"Vancouver, BC V5Y 1R4","6711-Food counter attendants, kitchen helpers and related support occupations",1
,,San Josef Investments Ltd.,"Gibsons, BC V0N 1V0","6711-Food counter attendants, kitchen helpers and related support occupations",1
,,Sandong Restaurant,"Coquitlam, BC V3K 3V8",6322-Cooks,1
,,Sierra North Enterprises Ltd.,"Charlie Lake, BC V0C 1H0",6211-Retail sales supervisors,1
,,Sogai Industries Inc,"Victoria, BC V8W 1E1",6322-Cooks,2
,,Spice of Punjab Sweets & Restaurant Ltd.,"Surrey, BC V3X 3K1",6322-Cooks,1
,,Spring Travels (P) Ltd.,"Surrey, BC V3W 0E6",6521-Travel counsellors,3
,,Strub Sports Designs Inc.,"Vancouver, BC V6H 3S4",0621-Retail and wholesale trade managers,1
,,Sun Bo Kong Vegetarian Restaurant Inc.,"Vancouver, BC V5V 3E3",0631-Restaurant and food service managers,1
,,Supreme Business Solutions Inc.,"Surrey, BC V3R 5G1",0621-Retail and wholesale trade managers,1
,,Thai Cleaning,"Prince George, BC V2M 6X6","6733-Janitors, caretakers and building superintendents",1
,,Thai Delight Inc.,"Vancouver, BC V6E 1N2",6322-Cooks,1
,,The Michael Lacombe Group Inc.,"Vancouver, BC V6Z 1K7",6311-Food service supervisors,1
,,True North Landscaping,"North Vancouver, BC V7J 1P6",8612-Landscaping and grounds maintenance labourers,1
,,Ultimate Pro Enterprises Inc.,"Burnaby, BC V5H 2A1",6322-Cooks,1
,,Vancouver Screens Ltd,"Surrey, BC V3R 0C3","9537-Other products assemblers, finishers and inspectors",1
,,Wu & Company,"Vancouver, BC V6H 3X8",1311-Accounting technicians and bookkeepers,1
,,Xcelcor Cleaning,"Surrey, BC V3S 5J9",6421-Retail salespersons,1
,  Primary Agriculture,0763007 BC Ltd.,"Surrey, BC V3W 4G1","8252-Agricultural service contractors, farm supervisors and specialized livestock workers",6
,,,,"8255-Contractors and supervisors, landscaping, grounds maintenance and horticulture services",4
,,,,8431-General farm workers,35
,,A. P. Sandhar Holdings Ltd,"Kelowna, BC V1P 1B7",8431-General farm workers,27
,,Boparai Farm,"Abbotsford, BC V2T 6B5",8431-General farm workers,3
,,Busra Mushroom Farm Ltd,"Surrey, BC V3S 0L5","8252-Agricultural service contractors, farm supervisors and specialized livestock workers",6
,,,,8431-General farm workers,28
,,Caspian Apiaries Inc.,"Delta, BC V4C 2P7",8431-General farm workers,10
,,Darvonda Nurseries Ltd,"Langley, BC V2Y 0W9","8252-Agricultural service contractors, farm supervisors and specialized livestock workers",3
,,Dosanjh Farm Ltd.,"Abbotsford, BC V4X 2C6","8252-Agricultural service contractors, farm supervisors and specialized livestock workers",1
,,Harvest Direct Farm Ltd.,"Osoyoos, BC V0H 1V4","8252-Agricultural service contractors, farm supervisors and specialized livestock workers",2
,,,,8431-General farm workers,8
,,Holland Landscapers Inc.,"Vancouver, BC V6B 3W2","8255-Contractors and supervisors, landscaping, grounds maintenance and horticulture services",1
,,KDK Blueberry Farm,"Surrey, BC V3S 3X5","8252-Agricultural service contractors, farm supervisors and specialized livestock workers",2
,,Mahal Farms Ltd.,"Richmond, BC V6V 1A8",8431-General farm workers,2
,,Maple Hills Farm,"Abbotsford, BC V4X 1Y3",8431-General farm workers,8
,,Oldfield Orchard and Bakery,"Victoria, BC V8Y 1Y2",8431-General farm workers,1
,,Rainbow Greenhouses Inc,"Chilliwack, BC V2R 4L6",8432-Nursery and greenhouse workers,10
,,T & T Mushroom Farm Ltd.,"Aldergrove, BC V4W 1K4",8611-Harvesting labourers,36
,,The Vineyard @ The Rise Ltd,"Vernon, BC V1T 9L8",8431-General farm workers,4
,,W. Friesen Farms,"Surrey, BC V3S 9S7","8252-Agricultural service contractors, farm supervisors and specialized livestock workers",3
Northwest Territories,   Low Wage,1845945 Alberta Ltd,"Hay River, NT X0E 0R8",6211-Retail sales supervisors,1
,,4720 NWT LTD,"Yellowknife, NT X1A 2P4",6531-Tour and travel guides,6
,,Kailun Trading Co Ltd.,"Fort Smith, NT X0E 0P0",6322-Cooks,1
,,Northwestern Air Lease Ltd,"Fort Smith, NT X0E 0P0",7315-Aircraft mechanics and aircraft inspectors,1
,,NWT Brewing Company Ltd.,"Yellowknife, NT X1A 2V7",6321-Chefs,1
,,Ptarmigan Inn Hotels Ltd.,"Hay River, NT X0E 1G1",0631-Restaurant and food service managers,1
,,,,6311-Food service supervisors,1
Employers carrying on business in Canada with Head Office outside of Canada,    High Wage,Anonymous Content LLC,"Culver City, 90232","5131-Producers, directors, choreographers and related occupations",1
,,Backyard Productions LLC.,"Marina Del Ray, 90292","5131-Producers, directors, choreographers and related occupations",1
,,"Biscuit Filmworks, LLC","Los Angeles, 90038","5131-Producers, directors, choreographers and related occupations",1
,,BOB Industries LLC,"Santa Monica, 90401","5131-Producers, directors, choreographers and related occupations",1
,,Community Films Inc.,"Culver City, 90232","5131-Producers, directors, choreographers and related occupations",1
,,"Framestore, Inc.","Culver City, 90232","5131-Producers, directors, choreographers and related occupations",1
,,Frozen Man Inc.,"New York, 10011","5131-Producers, directors, choreographers and related occupations",1
,,"Humble TV, LLC","New York, 10011","5131-Producers, directors, choreographers and related occupations",1
,,Minted Content,"Santa Monica, 90405","5131-Producers, directors, choreographers and related occupations",1
,,"Morton Jankel Zander, Inc.","Los Angeles, 90064","5131-Producers, directors, choreographers and related occupations",3
,,"Park Pictures, LLC","New York, 10010","5131-Producers, directors, choreographers and related occupations",2
,,Pecubu Productions Inc,"Santa Monica, 90404","5131-Producers, directors, choreographers and related occupations",1
,,Radical Media LLC,"Santa Monica, 90404","5131-Producers, directors, choreographers and related occupations",1
,,"Reset Content, LLC","Santa Monica, 90404","5131-Producers, directors, choreographers and related occupations",1
,,Sibling Rivalry Films LLC,"New York, 10013","5131-Producers, directors, choreographers and related occupations",1
,,Slim Pictures Inc.,"Venice, 90291","5131-Producers, directors, choreographers and related occupations",1
,,Splendid & Co,"Los Angeles, 90025","5131-Producers, directors, choreographers and related occupations",1
,,Stink LLC,"Culver City, 90232","5131-Producers, directors, choreographers and related occupations",4
,,Superprime Films,"Culver City, 90232","5131-Producers, directors, choreographers and related occupations",1
Notes:,,,,,
1. The source for all information in this report is Employment and Social Development Canada's (ESDC) LMIA System.,,,,,
"2. This list excludes all personal names, such as employers of caregivers or business names that use or include personal names. For this reason, the list is not complete and does not reflect all employers who requested or received an LMIA. Should an employer wish to contact ESDC concerning the accuracy of their information, please contact NA-TFWP-PTET@hrsdc-rhdcc.gc.ca.",,,,,
"3. The employer name is manually entered in system. As such, accuracy of the names is subject to potential data entry error and inconsistent spelling.",,,,,
"4. Effective November 2016, NOC 2011 is being used. Prior to November 2016, all occupations under NOC 2006 were converted to the respective NOC 2011 occupation. Empirical concordance released by Statistics Canada was used to determine appropriate linkages.",,,,,
"5. Effective February 2018, LMIAs in support of Permanent Residence (PR) are excluded from TFWP statistics reporting, unless reported separately. This may impact statistics reported over time.",,,,,
"6. The LMIA System tracks TFW positions only, not TFWs who are issued a work permit or who enter Canada. Not all positions approved result in a work permit or a TFW entering Canada. For information on the number of work permits issued, please consult Immigration Refugees and Citizenship Canada's (IRCC) Facts and Figures: http://www.cic.gc.ca/english/resources/statistics/menu-fact.asp",,,,,
7. The numbers appearing in this release may differ slightly from those reported in previous releases of LMIA statistics due to data updates that occur over time.,,,,,
