"Employers who were issued a negative Labour Market Impact Assessment (LMIA) by Stream, National Occupational Classification (NOC) 2011 and business location in 2018 (April-June)",,,,,
Province/Territory,Stream,Employer,Address,Occupation,Requested Positions
Newfoundland and Labrador,   Low Wage,J. Co Holdings Inc.,"St. John's, NL A1C 2A5",6322-Cooks,2
,,Mes Amis Daycare and Preschool,"St. John's, NL A1A 4P8",4214-Early childhood educators and assistants,1
Prince Edward Island,   Low Wage,Blue Mussel Cafe Inc.,"North Rustico, PE C0A 1X0",0631-Restaurant and food service managers,1
Nova Scotia,   Low Wage,Care & Fun Childcare Limited,"HALIFAX, NS B3M 3V3",4214-Early childhood educators and assistants,1
,,Mandox Incorporated,"ANNAPOLIS ROYAL, NS B0S 1A0",6322-Cooks,1
,,Scott and Stewart Forestry Consultants Ltd,"St Andrews, NS B0H 1X0",8616-Logging and forestry labourers,1
,,Sydney Fresh Casual Restaurants Inc.,"AMHERST, NS B4H 4L2",6322-Cooks,2
,  Primary Agriculture,Perfect Berries Limited,"Berwick, NS B0P 1E0",8431-General farm workers,20
New Brunswick,   Low Wage,638001 NB Inc,"Shediac, NB E4P 2G9",6311-Food service supervisors,1
,,658579 NB Ltd,"FREDERICTON, NB E3C 1A2",6322-Cooks,2
,,G.L. Sawmill Ltee,"HAUTE-ABOUJAGANE, NB E4P 5P4","9614-Labourers in wood, pulp and paper processing",5
,,Murphy Foodservice Ltd,"SAINT JOHN, NB E2L 1G4",6322-Cooks,1
,,Provincial Bandag Tires Ltd.,"ST. BASILE, NB E7C 1M7",9423-Rubber processing machine operators and related workers,1
Quebec,    High Wage,8531145 Canada Inc.,"Montréal, QC H2X 2V5",5241-Graphic designers and illustrators,1
,,9257-2734 Québec Inc.,"ANJOU, QC H1M 0A1",0631-Restaurant and food service managers,1
,,9287-6697 Québec Inc.,"Montréal, QC H1S 1L1",6322-Cooks,1
,,9308-8268 Québec Inc.,"Montréal, QC H3N 1R1",1241-Administrative assistants,1
,,Andy Transport Inc.,"SAINT-LAURENT, QC H4T 1K2",1222-Executive assistants,1
,,CAVALIA Inc,"MONTRÉAL, QC H2H 2L5","5226-Other technical and co-ordinating occupations in motion pictures, broadcasting and the performing arts",3
,,Groupe Conseil BC2 Inc.,"Montreal, QC H2Y 2A3",1241-Administrative assistants,1
,,Groupe Volvo Canada Inc,"MONTRÉAL, QC H3B 4M7","7321-Automotive service technicians, truck and bus mechanics and mechanical repairers",2
,,Insima Media Inc.,"Mascouche, QC J7K 0R1",0113-Purchasing managers,1
,,Qualtech inc,"QUÉBEC, QC G1N 4K3",7237-Welders and related machine operators,1
,,Société Conseil Groupe LGS,"QUÉBEC, QC G1V 4K5",2174-Computer programmers and interactive media developers,1
,,TECHNO-PIEUX INC.,"Thetford Mines, QC G6G 8B2",7237-Welders and related machine operators,1
,,Wabtec Canada Inc.,"Saint-Laurent, QC H4M 2V1",2132-Mechanical engineers,1
,,WC 5000 inc.,"Montréal, QC H2Y 1T3","7321-Automotive service technicians, truck and bus mechanics and mechanical repairers",1
,   Low Wage,6144527 Canada Inc,"VAUDREUIL-DORION, QC J7V 9H5",7511-Transport truck drivers,1
,,7899220 Canada Inc. (Barbibelle Spa),"Gatineau, QC J9J 3J3",3236-Massage therapists,1
,,9018-7402 Québec Inc.,"St-Jean-sur-Richelieu, QC J2W 1C5",1241-Administrative assistants,1
,,9034-8202 QUÉBEC INC.,"MIRABEL, QC J7J 1H1",6322-Cooks,1
,,9097-2902 Quebec Inc.,"Gatineau, QC J9H 1A2",6332-Bakers,1
,,9129-0205 Québec inc,"Quebec, QC G1S 2N6",6332-Bakers,1
,,9329-8479 Québec Inc.,"MONTRÉAL, QC H4L 3M6",6322-Cooks,1
,,Bono Foods Inc.,"STE CLAIRE, QC G0R 2V0",6322-Cooks,1
,,Dépanneur Vieux Montréal (2016) Inc.,"Montréal, QC H2Y 1S6",6322-Cooks,1
,,Fruit d'Or Inc.,"Villeroy, QC G0S 3K0","9461-Process control and machine operators, food, beverage and associated products processing",7
,,Gordon Food Service Canada Ltd.,"QUÉBEC, QC G2C 2E2",7452-Material handlers,10
,,Les Entreprises Fervel Inc,"St-Laurent, QC H4N 2L3",6315-Cleaning supervisors,1
,,Récupération Delisle Inc.,"ST-APOLLINAIRE, QC G0S 2E0","9619-Other labourers in processing, manufacturing and utilities",1
,  Primary Agriculture,Ferme Guy Béland Inc.,"Neuville, QC G0A 2R0",8431-General farm workers,1
Ontario,    High Wage,1060436 Ontario Limited o/a Serano Bakery,"TORONTO, ON M4K 3T5",0621-Retail and wholesale trade managers,1
,,10623326 Canada Ltd.,"TORONTO, ON M9Y 1Y5",5251-Athletes,1
,,1214174 Ontario Inc.,"ETOBICOKE, ON M9V 3Z7","1215-Supervisors, supply chain, tracking and scheduling co-ordination occupations",2
,,1514342 Ontario Ltd.,"Mississauga, ON L4W 1A1",1241-Administrative assistants,1
,,1550034 Ontario Inc. o/a Warraich Meat Shop Inc.,"BRAMPTON, ON L6R 1T4",6311-Food service supervisors,1
,,1633108 Ontario Inc.,"Mississauga, ON L5J 1K7","1212-Supervisors, finance and insurance office workers",1
,,1643707 Ont Inc. o/a Palma Door Systems Inc,"Toronto, ON M3N 1V9","9226-Supervisors, other mechanical and metal products manufacturing",1
,,1810091 Ontario Inc. o/a Green Mango Pho,"VAUGHAN, ON L4L 1A6",6321-Chefs,1
,,2057600 Ontario Inc. o/a Toronto Car Sales and Auto Service,"BRAMPTON, ON L6W 2B5",1221-Administrative officers,1
,,2122360 Ontario Inc.,"PORT ELGIN, ON N0H 2C0",0631-Restaurant and food service managers,1
,,2228977 Ontario Inc.,"Guelph, ON N1H 6H7",7611-Construction trades helpers and labourers,3
,,2230434 Ontario Inc,"ETOBICOKE, ON M9W 6P8",7271-Carpenters,1
,,,,7281-Bricklayers,1
,,,,7293-Insulators,1
,,2254562 Ontario Inc.,"MISSISSAUGA, ON L4W 1E4",1225-Purchasing agents and officers,1
,,2298679 Ontario Inc.,"Vaughan, ON L4K 4A5","7384-Other trades and related occupations, n.e.c.",7
,,2320610 Ontario Inc. o/a Active Security Enterprises,"BRAMPTON, ON L6Y 0P6",6221-Technical sales specialists - wholesale trade,1
,,2347401 Ontario Inc./ O/A Asian Food Centre,"CALEDON, ON L7C 3V4",6322-Cooks,1
,,2508051 Ontario Inc. o/a Bengla Sweets,"BRAMPTON, ON L6X 5E9",0631-Restaurant and food service managers,1
,,6671896 Canada Inc.,"OTTAWA, ON K2G 4V3",5252-Coaches,1
,,7214821 Canada Inc. o/a Taminka Metal Roofing,"Mississauga, ON L5H 2S1",7291-Roofers and shinglers,1
,,8001189 Canada Inc.,"GUELPH, ON N1L 1E9",1221-Administrative officers,1
,,8234124 Canada Corp,"CONCORD, ON L4K 4C6",7282-Concrete finishers,1
,,8773173 Canada Inc.,"BRAMPTON, ON L6V 4S3","1215-Supervisors, supply chain, tracking and scheduling co-ordination occupations",1
,,9359435 CAN. INC o/a BK Auto Body Collision,"ETOBICOKE, ON M9W 4W6",7322-Motor vehicle body repairers,1
,,949710 Ontario Limited,"Mississauga, ON L4T 3M6",7322-Motor vehicle body repairers,1
,,Adias Impex Limited,"WOODBRIDGE, ON L4L 6C6","7205-Contractors and supervisors, other construction trades, installers, repairers and servicers",1
,,Amelt Corporation,"TORONTO, ON M2M 4K2",2131-Civil engineers,1
,,Andy's Masonry and Renovations Ltd.,"HAMILTON, ON L8T 2A7",7283-Tilesetters,1
,,Asymetric Media Ltd.,"Toronto, ON M5B 2E7","5131-Producers, directors, choreographers and related occupations",1
,,Ava Hair Studio,"Oakville, ON L6J 3C9",6341-Hairstylists and barbers,1
,,B Negative LLC,"SCARBOROUGH, ON M1N 4B5","5131-Producers, directors, choreographers and related occupations",1
,,Body Vision Fitness Inc.,"Richmond Hill, ON L4C 0A8",6411-Sales and account representatives - wholesale trade (non-technical),1
,,Can-Eng Furnaces International Ltd.,"Niagara Falls, ON L2E 6V5",2142-Metallurgical and materials engineers,1
,,Canprev Natural Health Products Ltd.,"Toronto, ON M1S 3R5",2175-Web designers and developers,1
,,Cataldi Fresh Market Inc.,"Woodbridge, ON L4L 4K9",6321-Chefs,1
,,CG Needle Arts Ltd.,"BRAMPTON, ON L6T 4Z6","1215-Supervisors, supply chain, tracking and scheduling co-ordination occupations",1
,,Champion Products Corp.,"Windsor, ON N8Y 0A5",6411-Sales and account representatives - wholesale trade (non-technical),1
,,CIA Inspection Inc,"Hannon, ON L0R 1P0",2132-Mechanical engineers,1
,,Clivia Products of Canada Inc.,"WOODBRIDGE, ON L4L 9G7",0621-Retail and wholesale trade managers,1
,,CRM Global Capital Inc.,"Toronto, ON M5H 3K6","0016-Senior managers - construction, transportation, production and utilities",1
,,Digital Extremes Ltd.,"London, ON N6A 6K2",5241-Graphic designers and illustrators,1
,,Elgra Inc.,"Vaughan, ON L4K 2M9",6221-Technical sales specialists - wholesale trade,1
,,Elirpa Construction & Materials Ltd,"Pickering, ON L1V 2R4","7302-Contractors and supervisors, heavy equipment operator crews",1
,,Euro Group Masonry Ltd.,"TORONTO, ON M6N 4Z9",7281-Bricklayers,1
,,Fanshawe Health Group,"London, ON N6G 5A9",3112-General practitioners and family physicians,1
,,Flynn Canada Ltd.,"Mississauga, ON L4V 1K2",7233-Sheet metal workers,2
,,,,7291-Roofers and shinglers,7
,,,,7292-Glaziers,3
,,Glen-Merritt Collision Ltd.,"ST. CATHERINES, ON L2S 0B6",7322-Motor vehicle body repairers,1
,,Goldenmount Capital International Inc.,"MARKHAM, ON L3R 5J2",1222-Executive assistants,1
,,H SANDERSON & SON CONSTRUCTION,"HUNTSVILLE, ON P1H 0A5","7204-Contractors and supervisors, carpentry trades",1
,,High Flyers Gymnastics Inc.,"Concord, ON L4K 5V6",5252-Coaches,1
,,Icon Motors Limited,"Puslinch, ON N0B 2J0","7321-Automotive service technicians, truck and bus mechanics and mechanical repairers",2
,,Icon Transportation Logistics Ltd,"Puslinch, ON N0B 2J0",7511-Transport truck drivers,5
,,Imam Hussian - Association,"Scarborough, ON M1V 5J5",5212-Technical occupations related to museums and art galleries,1
,,Indo Canadian Food Hut Inc.,"BRAMPTON, ON L6Y 0B5",6311-Food service supervisors,1
,,IntelliGo Networks Inc,"Toronto, ON M5J 1A7",6221-Technical sales specialists - wholesale trade,1
,,Interhealth Canada Ltd.,"Toronto, ON M5H 2T7",0111-Financial managers,1
,,Junaid Jamshed Incq,"Mississauga, ON L4Z 2J1",0621-Retail and wholesale trade managers,1
,,Kitchen & Bath Inc.,"OAKVILLE, ON L6H 6A2","0124-Advertising, marketing and public relations managers",1
,,Lamko Tool and Mold Inc.,"London, ON N6E 2T3",7231-Machinists and machining and tooling inspectors,3
,,,,7311-Construction millwrights and industrial mechanics,2
,,Learning Curves Foundation,"Toronto, ON M4M 2X4","7334-Motorcycle, all-terrain vehicle and other related mechanics",1
,,London Eco-Roof Manufacturing Inc.,"Dorchester, ON N0L 1G4",7291-Roofers and shinglers,3
,,Luthra Law Office,"MISSISSAUGA, ON L5S 0A2",1241-Administrative assistants,1
,,Marin Contracting Limited,"Concord, ON L4K 4X2",7271-Carpenters,2
,,Mario's Flooring Inc,"Mississauga, ON L5A 3T2",7295-Floor covering installers,1
,,Merinos Carpet Inc.,"MISSISSAUGA, ON L5T 1V9","1215-Supervisors, supply chain, tracking and scheduling co-ordination occupations",1
,,Milestone Tire Canada Corp.,"Scarborough, ON M1S 3A7","1215-Supervisors, supply chain, tracking and scheduling co-ordination occupations",1
,,Mircom Technologies Ltd.,"Vaughan, ON L4K 5W3",4021-College and other vocational instructors,1
,,MITACS Inc.,"TORONTO, ON M5H 4E3",1241-Administrative assistants,1
,,Modern Builders Construction Inc.,"MISSISSAUGA, ON L5N 5K5",7271-Carpenters,1
,,Neptune Security Services Inc.,"Mississauga, ON L5K 2R8",4163-Business development officers and marketing researchers and consultants,1
,,Noble Mortgages Inc.,"WOODBRIDGE, ON L4L 8S5",1241-Administrative assistants,1
,,North Legacy Group Inc.,"Toronto, ON M6J 1X5",7281-Bricklayers,1
,,Ontario Impex of Canada,"BRAMPTON, ON L6T 1E2",6211-Retail sales supervisors,1
,,Perpetuo Masonry Ltd.,"TORONTO, ON M6H 2L2",7281-Bricklayers,1
,,Poltech Buher Inc.,"Concord, ON L4K 3E4",2232-Mechanical engineering technologists and technicians,1
,,Popular Tire Sales & Services Inc,"Mississauga, ON L5S 1M5",1221-Administrative officers,1
,,Premium Host Inc. o/a Paramount Fine Foods,"Mississauga, ON L5W 1P7",0631-Restaurant and food service managers,1
,,Progressive Auto Sales (Sarnia) Inc,"Sarnia, ON N7S 3X9","7321-Automotive service technicians, truck and bus mechanics and mechanical repairers",2
,,Proplus Construction Inc.,"Scarborough, ON M1V 4S9",7237-Welders and related machine operators,3
,,Protech Chemicals Ltd.,"TORONTO, ON M9L 1X3",7311-Construction millwrights and industrial mechanics,1
,,Proteck Roofing & Sheet Metal Inc.,"Toronto, ON M9V 4K6",7291-Roofers and shinglers,1
,,Radke Films Ltd,"TORONTO, ON M5A 2N4","5131-Producers, directors, choreographers and related occupations",3
,,RBT Limited,"Acton, ON L7J 1W7","1215-Supervisors, supply chain, tracking and scheduling co-ordination occupations",1
,,Richmond Hill Medical and Surgical Centre,"RICHMOND HILL, ON L4C 0Y7",1222-Executive assistants,1
,,Royal Show Inc.,"Concord, ON L4K 1L4",6211-Retail sales supervisors,3
,,S.A. Concrete & Drain,"Kitchener, ON N2R 0B3",7282-Concrete finishers,3
,,Sanjha Punjab Radio and TV Inc.,"BRAMPTON, ON L6S 5Z4",1241-Administrative assistants,1
,,Sequoia Content Limited,"Toronto, ON M5B 2E7","5131-Producers, directors, choreographers and related occupations",1
,,,,"5227-Support occupations in motion pictures, broadcasting, photography and the performing arts",1
,,Shabad Transport Inc.,"WOODBRIDGE, ON L4L 1A7","1215-Supervisors, supply chain, tracking and scheduling co-ordination occupations",1
,,Simply Green Home Services Inc.,"North york, ON M2J 5C1",6221-Technical sales specialists - wholesale trade,1
,,Skotidakis Goat Farm,"St-Eugene, ON K0B 1P0","9213-Supervisors, food, beverage and associated products processing",1
,,Skydive Toronto Inc.,"EVERETT, ON L0M 1J0","5254-Program leaders and instructors in recreation, sport and fitness",2
,,"Soft Citizen, Inc","TORONTO, ON M5A 2N4","5131-Producers, directors, choreographers and related occupations",2
,,South Essex Fabricating Inc.,"Leamington, ON N8H 3W5",2132-Mechanical engineers,1
,,Steam Films Inc.,"TORONTO, ON M5A 2N4","5131-Producers, directors, choreographers and related occupations",1
,,Suneeva Ltd.,"Toronto, ON M5B 2E7","5131-Producers, directors, choreographers and related occupations",2
,,T.P. Construction Co.,"NORTH YORK, ON M3C 1A6",7292-Glaziers,1
,,TD International AG Inc.,"MONO, ON L9W 5W1",8612-Landscaping and grounds maintenance labourers,6
,,The Bagel House / 2187024 Ontario Inc,"Toronto, ON M5M 3Y6",0621-Retail and wholesale trade managers,1
,,The Japan Society,"Toronto, ON M5H 4E7",1221-Administrative officers,1
,,U of O Institute of mental health research,"Ottawa, ON K1Z 7K4",2121-Biologists and related scientists,1
,,Unilock Ltd,"GEORGETOWN, ON L7G 4X6",7242-Industrial electricians,1
,,UTD Systems Inc,"Vaughan, ON L4J 8R8",7235-Structural metal and platework fabricators and fitters,1
,,Value Mobile,"VAUGHAN, ON L4L 8A3",8431-General farm workers,2
,,Venture Steel Inc.,"ETOBICOKE, ON M9W 1L8",7311-Construction millwrights and industrial mechanics,1
,,Vision Entertainment Inc.,"Toronto, ON M6A 2A4","5131-Producers, directors, choreographers and related occupations",2
,,Vlad's Dance Company,"RICHMOND HILL, ON L4E 4J6","5243-Theatre, fashion, exhibit and other creative designers",1
,,Zurich Pharma Inc.,"Windsor, ON N8X 4L2",2211-Chemical technologists and technicians,1
,   Low Wage,1036074 Ontario Inc.,"TORONTO, ON M1S 4N8",0631-Restaurant and food service managers,1
,,1073197 Ontario Ltd.,"TORONTO, ON M4K 1B4",6321-Chefs,1
,,1397280 Ontario Ltd. o/a Western Town College for ESL,"TORONTO, ON M4P 1E8",6411-Sales and account representatives - wholesale trade (non-technical),1
,,1432126 Ontario Inc,"Mississauga, ON L4W 1G8",1241-Administrative assistants,1
,,1533371 Ontario Inc.,"Mississauga, ON L5S 1B1",7441-Residential and commercial installers and servicers,1
,,1568091 Ontario Ltd. o/a Mohan Wellness & Rehab Clinic,"Scarborough, ON M1S 4Z4",3232-Practitioners of natural healing,1
,,1574626 Ontario Inc. O/A Auto Spa Express,"Burlington, ON L7L 5H9",6732-Specialized cleaners,1
,,1599761 Ontario Ltd.,"Pefferlaw, ON L0E 1N0",7511-Transport truck drivers,2
,,1615029 Ontario Inc,"Mississauga, ON L5T 1E4",6211-Retail sales supervisors,1
,,1681748 Ont Inc. O/A Macs/Circle K,"Woodbridge, ON L4H 0J8",6211-Retail sales supervisors,1
,,1756555 Ontario Ltd.,"Toronto, ON M4Y 1J8",6322-Cooks,1
,,1759110 Ontario Inc o/a A&W Aberfoyle,"GUELPH, ON N1L 0C7","6711-Food counter attendants, kitchen helpers and related support occupations",1
,,1925Workbench Ltd.,"Etobicoke, ON M8W 3C5",7272-Cabinetmakers,1
,,1929382 Ontario Inc.,"Mississauga, ON L4Y 2Y5",6321-Chefs,1
,,1948785 Ontario Limited,"VAUGHN, ON L4K 5W7",6322-Cooks,2
,,1960408 Ontario Inc.,"MISSISSAUGA, ON L5N 8J4",6322-Cooks,1
,,2115722 Ontario Inc. o/a Wabora Fusion Japanese Restaurant,"BRACEBRIDGE, ON P1L 1P3",6322-Cooks,1
,,2120546 Ontario Inc. o/a Skydome Auto and Body Centre,"BRAMPTON, ON L6W 3K7",7237-Welders and related machine operators,1
,,2139111 Ontario Inc.,"Kemptville, ON K0G 1J0",6321-Chefs,1
,,2176738 Ontario Inc. o/a Subway Pembroke Downtown,"Pembroke, ON K8A 7A3",0631-Restaurant and food service managers,1
,,2265779 Ontario Inc. O/a 905 INK TATTOOS,"Brampton, ON L6S 0C1","6562-Estheticians, electrologists and related occupations",1
,,2294671 Ontario Inc. o/a Lahore Tikka House,"Toronto, ON M4L 1Z3",0631-Restaurant and food service managers,1
,,2322117 Ontario Inc.,"Ottawa, ON K2P 1M2",6321-Chefs,1
,,2355539 Ontario Inc. o/a Little Ceasars Pizza,"GEORGETOWN, ON L7G 5B5",6311-Food service supervisors,1
,,2373431 Ontario Inc.,"BRAMPTON, ON L6X 4X7",6311-Food service supervisors,1
,,2391884 Ontario Inc.,"ST. CATHARINES, ON L2T 3J8",0631-Restaurant and food service managers,1
,,2411603 Ontario Inc.,"WINDSOR, ON N9E 4N7",6322-Cooks,1
,,2423293 Ontario Inc. O/S Oakland Foods Store,"Oakland, ON N0E 1L0",6311-Food service supervisors,1
,,2482396 Ontario Inc. O/A Subway,"RED LAKE, ON P0V 2M0",6311-Food service supervisors,1
,,2500204 Ontario Inc. o/a KIBO SUSHI,"Toronto, ON M5V 3P7",0631-Restaurant and food service managers,1
,,7169191 Canada Ltd.,"Mississauga, ON L5T 2L2",1241-Administrative assistants,1
,,9109064 Canada Inc. o/a Marhaba Book Store & Hijab Fashion,"Mississauga, ON L5V 3A4",6211-Retail sales supervisors,1
,,9676392 Canada Inc.,"TORONTO, ON M2J 4R4",6321-Chefs,1
,,ACL Steel Ltd.,"Kitchener, ON N2B 3X4",7294-Painters and decorators (except interior decorators),1
,,Anatolia Tile & Stone Inc.,"VAUGHAN, ON L4L 1A5",5242-Interior designers and interior decorators,1
,,Arconas Corporation,"MISSISSAUGA, ON L5R 3H5",2282-User support technicians,1
,,Astoria Shish Kebob House Inc.,"TORONTO, ON M4K 1P3",6321-Chefs,1
,,Baklava House INC,"TORONTO, ON M4T 1Y5",6321-Chefs,1
,,Barilo's Fine Sausages Ltd,"Newmarket, ON L3Y 9E8","9461-Process control and machine operators, food, beverage and associated products processing",2
,,Baxter Kitchens Inc.,"Toronto, ON M1S 4A4",1431-Accounting and related clerks,1
,,Canephora Inc,"TORONTO, ON M2R 1M6",6321-Chefs,1
,,Chillies Indian Restaurant Inc,"Nepean, ON K2J 4Y6",6322-Cooks,1
,,Creeds Coffee Bar,"TORONTO, ON M9N 2V8",0631-Restaurant and food service managers,1
,,Dekora Album Corporation,"TORONTO, ON M3J 2W6",5244-Artisans and craftspersons,1
,,Dhanoa Group Ltd. o/a A&W,"Mississauga, ON L5W 1T2",6311-Food service supervisors,3
,,Eben-ezer Christian School,"CAMPDEN, ON L0R 1G0",4217-Other religious occupations,1
,,Fast Transport Inc.,"AURORA, ON L4G 1H9",7511-Transport truck drivers,5
,,Flynn Canada Ltd.,"Mississauga, ON L4V 1K2",7233-Sheet metal workers,2
,,,,7291-Roofers and shinglers,2
,,Hamdani Textiles Ltd,"ST. CATHARINES, ON L2R 5E9","9447-Inspectors and graders, textile, fabric, fur and leather products manufacturing",6
,,Hanna's Bakery Inc.,"Ottawa, ON K1B 3V3",6332-Bakers,1
,,Johnson's Sanitation Services Ltd.,"TORONTO, ON M9N 2S4",7511-Transport truck drivers,1
,,K&L Francis Inc.,"Huntsville, ON P1H 2K8",6311-Food service supervisors,3
,,Kintako Japanese Restaurant,"East York, ON M4G 3W4",6321-Chefs,1
,,Magnitude Well-Being Centre Inc.,"MISSISSUGA, ON L5L 5Y6","5254-Program leaders and instructors in recreation, sport and fitness",1
,,Marcantonio Designs Limited,"Concord, ON L4K 4T2",6345-Upholsterers,1
,,Metal Insulations Ltd.,"NIAGARA FALLS, ON L2G 7K3",7452-Material handlers,3
,,Michaels Hair Design Inc.,"Thunder Bay, ON P7C 5P5",6341-Hairstylists and barbers,1
,,MJ Tungsten Ltd.,"Markham, ON L3R 9R3",6623-Other sales related occupations,1
,,Mrakovic Meat & Deli,"Etobicoke, ON M9C 4R1",6332-Bakers,1
,,New Star Transport Inc,"Brampton, ON L6P 3X6",7511-Transport truck drivers,1
,,Om Shakti Maiya Inc.,"OAKVILLE, ON L6J 0A3",0621-Retail and wholesale trade managers,1
,,Ozone West Wellness Ltd.,"Cobourg, ON K9A 4J8",6311-Food service supervisors,1
,,Pizza Pizza #263,"Pickering, ON L1V 4M1",0631-Restaurant and food service managers,1
,,PJP INC.,"BURLINGTON, ON L7R 2E3",6322-Cooks,1
,,Premium Sauces Ltd,"UXBRIDGE, ON L9P 0C7","9461-Process control and machine operators, food, beverage and associated products processing",1
,,Queen Video Limited,"Mississauga, ON L5G 1E1",6322-Cooks,1
,,Royal Canadian Military Institute Services,"TORONTO, ON M5G 1S9",6322-Cooks,4
,,Safety First Consulting Professional Corp,"CONCORD, ON L4K 4S2","4165-Health policy researchers, consultants and program officers",1
,,Saigon House Restaruant Inc,"Brampton, ON L6T 5P1",6322-Cooks,2
,,Savonarota Enterprises Inc.,"Toronto, ON M2N 5P9",6322-Cooks,1
,,Sherwood Chicken Foods Inc.  o/a KFC Taco Bell,"NORTH YORK, ON M6A 3B4",6311-Food service supervisors,1
,,Shirini Sara Pastry House Ltd.,"Toronto, ON M3B 2M5",6332-Bakers,1
,,Sikgaek Inc.,"MISSISSAUGA, ON L4Y 2B6",6322-Cooks,1
,,Soul Restaurants Canada Inc. o/a KFC,"TORONTO, ON M2N 6K1",6311-Food service supervisors,1
,,Success Business Pages Inc.,"GEORGETOWN, ON L7G 5Y9",1241-Administrative assistants,1
,,Sushi 2 Go Queensway,"ETOBICOKE, ON M8Z 1N8",6322-Cooks,1
,,Symphony Communication Ltd. O/A Kusina Food Express,"MISSISSAUGA, ON L5B 4M4",6322-Cooks,1
,,TDA Landscape Services Inc.,"AJAX, ON L1S 2B9","8255-Contractors and supervisors, landscaping, grounds maintenance and horticulture services",1
,,The Blue Heron Company Limited,"TOBERMORY, ON N0H 2R0","7321-Automotive service technicians, truck and bus mechanics and mechanical repairers",1
,,The Chunhwa Training Centre,"Ottawa, ON K1J 6N4","5254-Program leaders and instructors in recreation, sport and fitness",1
,,The Solar Group Inc,"SCARBOROUGH, ON M1N 1V4",6732-Specialized cleaners,5
,,Torba Restaurants Inc. o/a Wendy's Restaurant,"Schumacher, ON P0N 1G0","6711-Food counter attendants, kitchen helpers and related support occupations",2
,,Toronto Softtech Inc.,"Toronto, ON M6G 1L7",6322-Cooks,1
,,Turco Persian Rug Company Inc,"Toronto, ON M5A 1R2",7445-Other repairers and servicers,1
,,Union Worldwide Enterprise Ltd.,"TORONTO, ON M5R 2A7",7246-Telecommunications installation and repair workers,1
,,Vilampara Media - 2216639 Ontario Inc.,"TORONTO, ON M5R 2A5",5241-Graphic designers and illustrators,1
,,Warraich Meats Ltd,"BRAMPTON, ON L6P 2Z8",6311-Food service supervisors,1
,,"Yconic, Inc.","TORONTO, ON M4S 2B8","1123-Professional occupations in advertising, marketing and public relations",1
,  Primary Agriculture,1628760 Ontario Inc,"Hillier, ON K0K 2J0",8431-General farm workers,2
,,Brabantdale Farms,"Navan, ON K4B 0E4",8431-General farm workers,2
,,Carron Farms Ltd,"BRADFORD, ON L3Z 4C6",8431-General farm workers,4
,,Cuddy Farms Limited 2008,"Strathroy, ON N7G 3H6","8252-Agricultural service contractors, farm supervisors and specialized livestock workers",10
,,Hao Fu Farm Ltd,"Toronto, ON M2J 4V6","8252-Agricultural service contractors, farm supervisors and specialized livestock workers",4
,,Knotek Brothers Inc.,"Chatham, ON N7M 5J3",8432-Nursery and greenhouse workers,5
,,Rouge River Farms Inc,"GORMLEY, ON L0H 1G0",8431-General farm workers,13
,,Schouten Corner View Farms Ltd,"Richmond, ON K0A 2Z0",8431-General farm workers,5
,,SOUTH POND FARMS INC,"PONTYPOOL, ON L0A 1K0",8431-General farm workers,2
,,St Brigid's Dairy Ltd,"Brussels, ON N0G 1H0","8252-Agricultural service contractors, farm supervisors and specialized livestock workers",1
,,Woodville Farms Limited,"WOODVILLE, ON K0M 2T0","8252-Agricultural service contractors, farm supervisors and specialized livestock workers",1
Manitoba,    High Wage,7325119 Manitoba Ltd,"Brandon, MB R7B 0M8",6322-Cooks,1
,,Ingram Consulting Limited,"Winnipeg, MB R3B 1Z8",4211-Paralegal and related occupations,1
,,J.R. Chandler Motors Ltd.,"Winnipeg, MB R2M 3S2","7321-Automotive service technicians, truck and bus mechanics and mechanical repairers",1
,   Low Wage,House of Nanking Ltd,"Winnipeg, MB R3X 1M2",6322-Cooks,1
,,JW Ventures Ltd.,"Brandon, MB R7C 1A7",6322-Cooks,1
,,The Kitching Group (Canada) Inc.,"Winnipeg, MB R3M 0W5",0631-Restaurant and food service managers,1
,,The North West Company LP,"WINNIPEG, MB R3C 1A3",6311-Food service supervisors,6
,  Primary Agriculture,Cell Farms Ltd.,"Hartney, MB R0M 0X0",8431-General farm workers,1
Saskatchewan,    High Wage,Saskatchewan Cancer Agency,"SASKATOON, SK S7S 0A6",3111-Specialist physicians,1
,   Low Wage,101300746 Saskatchewan Ltd,"REGINA, SK S4R 2J6",9446-Industrial sewing machine operators,1
,,Hashtag International Inc,"SASKATOON, SK S7K 8C1",6211-Retail sales supervisors,1
,  Primary Agriculture,Hassan Farms Inc.,"STURGIS, SK S0A 4A0","8252-Agricultural service contractors, farm supervisors and specialized livestock workers",1
,,Parkland Honey Farms Ltd.,"Goodsoil, SK S0M 1A0","8252-Agricultural service contractors, farm supervisors and specialized livestock workers",2
Alberta,    High Wage,1392635 Alberta Ltd. o/a Riteway Moving,"ROCKY VIEW, AB T4A 0E2","1215-Supervisors, supply chain, tracking and scheduling co-ordination occupations",1
,,961945 Alberta Ltd,"Edmonton, AB T5L 2G9","7284-Plasterers, drywall installers and finishers and lathers",1
,,Alberta College of Acupuncture & Traditional Chinese Medicine,"CALGARY, AB T2M 1H5",6314-Customer and information services supervisors,1
,,Alpha Tile Ltd,"Edmonton, AB T5T 5J4","7302-Contractors and supervisors, heavy equipment operator crews",1
,,Animal Care Solutions Ltd.,"STRATHMORE, AB T1P 1M9",6563-Pet groomers and animal care workers,1
,,Auto Classic G.M. Ltd.,"Calgary, AB T2H 0A2",0621-Retail and wholesale trade managers,1
,,Autumn Enterprises Inc,"RED DEER, AB T3E 1B6","7334-Motorcycle, all-terrain vehicle and other related mechanics",1
,,Balar Construction Ltd.,"EDMONTON, AB T6J 4M5","7284-Plasterers, drywall installers and finishers and lathers",5
,,Delta Helicopters Ltd,"Sturgeon County, AB T8T 0B6","2271-Air pilots, flight engineers and flying instructors",4
,,DND Construction Ltd,"Calgary, AB T2A 1C2","7204-Contractors and supervisors, carpentry trades",2
,,Edmonton Pressure Cleaners Ltd,"EDMONTON, AB T5T 6P8",6315-Cleaning supervisors,1
,,Global Pages Inc.,"CHESTERMERE, AB T1X 0B5",2174-Computer programmers and interactive media developers,1
,,Graham Management Services LP,"Calgary, AB T2Z 3R6","0016-Senior managers - construction, transportation, production and utilities",1
,,Infinique & Natural Beauty Ltd. o/a NRSH Store,"Edmonton, AB T5T 2T1",0621-Retail and wholesale trade managers,2
,,J. W. Kozina Professional Corporation,"LAC LA BICHE, AB T0A 2C0",2172-Database analysts and data administrators,1
,,K.C Landscaping & Maintenance Ltd.,"Okotoks, AB T1S 1L3","8255-Contractors and supervisors, landscaping, grounds maintenance and horticulture services",1
,,MK Construction Limited,"FORT MCMURRAY, AB T9H 2L8",0711-Construction managers,1
,,M'V'J'B Drywall Construction Ltd.,"EDMONTON, AB T6L 2T9",6315-Cleaning supervisors,2
,,Pedro Wall Transport Ltd,"BEAVERLODGE, AB T0H 0C0",7282-Concrete finishers,2
,,Rimrock Resort Hotel Corporation,"Banff, AB T1L 1J2",6321-Chefs,1
,,Saba Homes Community Inc,"Edmonton, AB T6E 5X9",5242-Interior designers and interior decorators,1
,,Sunstar Concrete Ltd,"Edmonton, AB T6W 2W9","7204-Contractors and supervisors, carpentry trades",1
,,The Banff Plumbing Company Ltd.,"BANFF, AB T1L 1A9",7271-Carpenters,2
,,Trust to Knowledge Inc,"CALGARY, AB T2X 3T2","0013-Senior managers - financial, communications and other business services",1
,,White Eagle Homes Ltd,"Edmonton, AB T5Z 3S7",7272-Cabinetmakers,3
,,Wilson ROA Professional Corporation,"EDMONTON, AB T6R 2A9",2211-Chemical technologists and technicians,1
,,Wolverine Excavating & Demolition Inc.,"STURGEON COUNTY, AB T8T 0A7","7302-Contractors and supervisors, heavy equipment operator crews",1
,,Yellowhead Trucking Ltd.,"Edmonton, AB T5Y 0Z8","7305-Supervisors, motor transport and other ground transit operators",1
,,YK Electrical Service Inc,"Edmonton, AB T6L 2H1",7243-Power system electricians,1
,   Low Wage,1017423 Alberta Ltd.,"Edmonton, AB T5R 5Z1",6311-Food service supervisors,1
,,1060206 Alberta Ltd,"Calgary, AB T2E 1K3",6321-Chefs,1
,,1072995 Alberta Ltd.,"Sherwood Park, AB T8H 2S9",6322-Cooks,1
,,1089362 Alberta Ltd o/a Swiss Donair,"EDMONTON, AB T5E 2H4",6311-Food service supervisors,1
,,1105245 Alberta Ltd,"Edmonton, AB T5L 1S5","9227-Supervisors, other products manufacturing and assembly",1
,,1115610 Alberta Ltd,"Edmonton, AB T5E 4E5",6332-Bakers,1
,,1344864 Alberta Ltd o/a Opus Restaurant and Bar,"Edmonton, AB T5T 2K6",6311-Food service supervisors,1
,,1593537 AB Inc,"Olds, AB T4H 1A4",6211-Retail sales supervisors,1
,,1604706 Alberta Ltd,"CALGARY, AB T2L 2L5",6311-Food service supervisors,1
,,1692691 Alberta Ltd,"Wandering River, AB T0A 3M0","6711-Food counter attendants, kitchen helpers and related support occupations",2
,,1730395 Alberta Ltd.,"CALGARY, AB T1Y 6V6",6322-Cooks,2
,,1802759 Alberta Inc,"Stony Plain, AB T7Z 2W7",6311-Food service supervisors,1
,,1809072 Alberta Ltd.,"WHITECOURT, AB T7S 1R9",6311-Food service supervisors,1
,,1866467 Alberta Ltd.,"Spruce Grove, AB T7X 3X2",6322-Cooks,2
,,1918908 Alberta Ltd,"Edmonton, AB T6E 5P2",6211-Retail sales supervisors,1
,,1941024 Alberta Ltd.,"EDMONTON, AB T5P 4M8",6211-Retail sales supervisors,1
,,1941497 AB Ltd.,"ONOWAY, AB T0E 1V0",7611-Construction trades helpers and labourers,1
,,1986016 Alberta Ltd. o/a LOFT Thai Eatery,"EDMONTON, AB T6W 0R9",6322-Cooks,1
,,2009313 Alberta Ltd. o/a BIG FISH SEAFOOD and OYSTER BAR RESTAURANT,"Calgary, AB T2E 3K4",6322-Cooks,1
,,2025082 Alberta Ltd,"EDMONTON, AB T6V 1K6",6322-Cooks,3
,,2047702 Alberta Ltd,"Medicine hat, AB T0C 1C8",6311-Food service supervisors,1
,,406429 Alberta Ltd,"EDMONTON, AB T5T 4M2",6322-Cooks,2
,,407974 Alberta Ltd,"Slave Lake, AB T0G 2A3",6322-Cooks,3
,,642715 Alberta Ltd,"Chestermere, AB T1X 0A5","9227-Supervisors, other products manufacturing and assembly",1
,,,,"9619-Other labourers in processing, manufacturing and utilities",1
,,673855 Alberta Ltd. o/a Royal Pizza & Spaghetti House Ltd,"Edmonton, AB T6E 1Y1",6322-Cooks,1
,,731273 Alberta Ltd,"Fort McMurray, AB T9K 1P1",6322-Cooks,1
,,738786 Alberta Ltd,"Edmonton, AB T5M 2R1",6312-Executive housekeepers,1
,,762289 Alberta Ltd,"Edmonton, AB T5W 0Z3",6311-Food service supervisors,1
,,7-Eleven Canada Inc.  o/a 7-Eleven Store,"CALGARY, AB T2Y 1W1",6211-Retail sales supervisors,3
,,861699 Alberta Ltd.,"CROSSFIELD, AB T0M 0S0",6211-Retail sales supervisors,1
,,945575 Alberta Ltd o/a Boston Pizza,"Calgary, AB T2W 3M5",6322-Cooks,2
,,A&V Enterprise Ltd. o/a Opa Souvlaki of Greece,"CALGARY, AB T2N 1N4",6311-Food service supervisors,2
,,Banff Trail Riders Inc,"Banff, AB T1L 1C1","6313-Accommodation, travel, tourism and related services supervisors",1
,,Benzer Management Corp,"Olds, AB T4H 1M8",6322-Cooks,2
,,Brinker Canadian Restaurant Company ULC,"EDMONTON, AB T9E 0V3",6322-Cooks,4
,,Brookwood Management Inc,"HINTON, AB T7V  2A",6322-Cooks,1
,,Cameron Bay Holdings Inc,"Ponoka, AB T4J 1J8",6311-Food service supervisors,3
,,Cascade Management Inc o/a Cascade Gifts,"Banff, AB T1L 1C2",6211-Retail sales supervisors,1
,,Cater Park Foods Ltd,"Leduc, AB T9E 6V9",6322-Cooks,1
,,Choice Janitorial Services Ltd.,"Red Deer, AB T4R 2X2",6315-Cleaning supervisors,2
,,Comida Taqueria Ltd,"Calgary, AB T2R 1H7",6322-Cooks,1
,,Continental Treat Food Services Ltd.,"Edmonton, AB T6L 1X1",6322-Cooks,2
,,Edson Subway Ltd,"Edson, AB T7E 1T8",6311-Food service supervisors,1
,,Enviro-Green Services Ltd,"Drayton Valley, AB T7A 1S8",6315-Cleaning supervisors,1
,,Falher Restaurant Ltd,"Falher, AB T0H 1M0",6322-Cooks,1
,,Fan Fun Ltd,"Sherwood Park, AB T8H 0N6",6311-Food service supervisors,1
,,Five Springs Investment Inc,"CALGARY, AB T3G 0C2",6311-Food service supervisors,1
,,Gerbenco Holdings Ltd,"Fort McMurray, AB T9H 3R2",6311-Food service supervisors,1
,,Gow-Woo Food Services Ltd,"Lloydminster, AB T9V 2G6",6311-Food service supervisors,3
,,Grassland Eldorado Restaurant Inc o/a Eldorado Restaurant & Lounge,"Grassland, AB T0A 1V0",6322-Cooks,2
,,Hamer Tree Services Ltd. o/a The Saskatoon Farm,"Foothills, AB T1S 4S3",6322-Cooks,3
,,Hap's Hungry House Ltd.,"Edmonton, AB T5P 3Z9",6322-Cooks,1
,,Heartland Hotel Ltd.,"LAMONT, AB T0B 2R0",6311-Food service supervisors,1
,,High River Bottle Depot Inc.,"High River, AB T1V 2A6",6211-Retail sales supervisors,1
,,Highway Carpet Cleaners Ltd,"Calgary, AB T3J 0N9",6732-Specialized cleaners,3
,,Hot Million Indian Cuisine Inc,"Calgary, AB T1Y 5S3",6322-Cooks,1
,,Inglewood Pizza & Pasta Ltd.,"Calgary, AB T2G 0S9",6311-Food service supervisors,1
,,JFF Construction Ltd.,"Coaldale, AB T1M 1N2",7611-Construction trades helpers and labourers,1
,,K. McGillivray Land Co. (AB) Ltd.,"Provost, AB T0B 3S0",1241-Administrative assistants,1
,,Kirala Sushi & Grill Ltd,"Airdrie, AB T4B 3K3",6311-Food service supervisors,1
,,Krysroc Inc.,"Calgary, AB T2W 4N4",6311-Food service supervisors,1
,,,,6322-Cooks,1
,,Liquor XS Inc.,"Edmonton, AB T6K 4A2",6211-Retail sales supervisors,2
,,Luna Authentic Vietnamese Cuisine Corp.,"Cochrane, AB T4C 0K3",6311-Food service supervisors,1
,,M.A. Mohamed Medical Professional Corporation,"Lloydminster, AB T9V 2X1",1243-Medical administrative assistants,1
,,Mackchef Ltd.,"Edson, AB T7E 1T1",6311-Food service supervisors,1
,,MainStreet Equity Corp,"CALGARY, AB T2G 0W2",6541-Security guards and related security service occupations,2
,,,,"6733-Janitors, caretakers and building superintendents",5
,,,,7444-Pest controllers and fumigators,6
,,Maks Lawn Care & Cleaning Alberta Ltd,"CALGARY, AB T3K 2C6","8255-Contractors and supervisors, landscaping, grounds maintenance and horticulture services",1
,,Masala Mantra Corp,"Calgary, AB T3C 0M5",6322-Cooks,1
,,MGC Renovation & Cleaning Services Ltd,"CALGARY, AB T2X 0B4",6315-Cleaning supervisors,1
,,Mi Noodle Inc.,"CALGARY, AB T2E 0V3",6311-Food service supervisors,1
,,Millcraft Woodworks Ltd.,"EDMONTON, AB T5M 2W1",7272-Cabinetmakers,1
,,MOM'S PRIDE INC,"Didsbury, AB T0M 0W0",6211-Retail sales supervisors,1
,,Mountain Air Construction Ltd,"Airdrie, AB T4B 3C4",1221-Administrative officers,1
,,OAW Restaurants Ltd,"EDMONTON, AB T6V 1K6",6311-Food service supervisors,1
,,OJ's Hollick Restaurant Inc.,"Edmonton, AB T5S 1R5",6322-Cooks,2
,,Pancotto Enterprises Ltd,"Medicine Hat, AB T1B 3R2",0631-Restaurant and food service managers,2
,,,,6311-Food service supervisors,10
,,Pennypacker Restaurant Consortium Inc.,"Edmonton, AB T5S 1R5",6322-Cooks,4
,,PhoXpress Ltd,"Edmonton, AB T6R 2H2",6311-Food service supervisors,1
,,Pinnacle Plants and Contracting Ltd.,"Taber, AB T1G 2C9",8612-Landscaping and grounds maintenance labourers,4
,,Prestigio Bakery & Bistro Ltd.,"LEDUC, AB T9E 6V2",6332-Bakers,1
,,St. Albert Montessori School Ltd,"Edmonton, AB T6R 1J2",4214-Early childhood educators and assistants,1
,,Summerlea International Care Home Inc,"Edmonton, AB T5T 1V6","4412-Home support workers, housekeepers and related occupations",1
,,Sunview Custom Homes Ltd.,"CALGARY, AB T3K 5G9",1241-Administrative assistants,1
,,Taziz Food Inc.,"Lethbridge, AB T1H 6H7",6311-Food service supervisors,2
,,The Canadian Brewhouse (Eastgate) Ltd.,"Edmonton, AB T6X 0A7",6322-Cooks,7
,,THE CANADIAN BREWHOUSE (FORT SASKATCHEWAN) LTD.,"Edmonton, AB T6X 0A7",6322-Cooks,7
,,The Canadian Brewhouse (Leduc) Ltd o/a The Canadian Brewhouse,"Edmonton, AB T6X 0A7",6322-Cooks,6
,,The Canadian Brewhouse (Lloydminster) Ltd,"Edmonton, AB T6X 0A7",6322-Cooks,7
,,The Canadian Brewhouse (Red Deer) Ltd,"Edmonton, AB T6X 0A7",6322-Cooks,7
,,The Canadian Brewhouse (Saskatoon) Ltd.,"Edmonton, AB T6X 0A7",6322-Cooks,7
,,The Ski Club of the Canadian Rockies Limited,"LAKE LOUISE, AB T0L 1E0",6321-Chefs,2
,,Three Seasons Landscaping Ltd,"Ardrossan, AB T8E 2L5",8612-Landscaping and grounds maintenance labourers,3
,,Tocher Inns & Restaurant Ltd o/a Smittys Restaurant,"Hinton, AB T7V 1N1",6311-Food service supervisors,1
,,Virk Investments Ltd.,"Edmonton, AB T6E 1C1",6316-Other services supervisors,1
,,Water Tower Restaurant 2000 Ltd. o/a Boston Pizza,"WETASKIWIN, AB T9A 0R5",6322-Cooks,1
,  Primary Agriculture,Soderglen Ranches Ltd.,"AIRDRIE, AB T4B 2A3","8252-Agricultural service contractors, farm supervisors and specialized livestock workers",1
,,Weleschuk Farms Ltd,"Tofield, AB T0B 4J0","8252-Agricultural service contractors, farm supervisors and specialized livestock workers",2
British Columbia,    High Wage,640548 BC. LTD. o/a Crompton Brothers Automotive,"BURNABY, BC V3N 1B9","7321-Automotive service technicians, truck and bus mechanics and mechanical repairers",2
,,9229051 Canada Ltd.,"Surrey, BC V3V 4V1",6316-Other services supervisors,1
,,A-1 Drainage Plumbing & Heating Ltd.,"Vancouver, BC V5T 2K5",7251-Plumbers,1
,,Acton Accounting & Bookkeeping Inc.,"Vancouver, BC V5Y 1R4",1311-Accounting technicians and bookkeepers,1
,,APTECH PRECISION MACHINING INC,"RICHMOND, BC V6V 3C7",2233-Industrial engineering and manufacturing technologists and technicians,1
,,Ashy's Japan Landscaping,"Port Coquitlam, BC V3B 1J8",2225-Landscape and horticulture technicians and specialists,1
,,ASL Artifex Studios Ltd,"Vancouver, BC V6B 6E3",5241-Graphic designers and illustrators,1
,,Aspire Immigration Services Inc,"Surrey, BC V3W 1R1",4211-Paralegal and related occupations,1
,,Bhangu Custom Homes Ltd,"Surrey, BC V3W 4Z9",1241-Administrative assistants,1
,,Boydel Wastewater Technologies Inc.,"CHEMAINUS, BC V0R 1K4",9243-Water and waste treatment plant operators,1
,,Brocor Construction Ltd.,"DAWSON CREEK, BC V1G 4H4",7521-Heavy equipment operators (except crane),1
,,Buddah Construction Ltd,"Langley, BC V3A 5E8",7271-Carpenters,3
,,CHHINN-MAA Plumbing & Heating Services,"VANCOUVER, BC V5P 2J5",7251-Plumbers,2
,,Coastline Cleaning Services Ltd.,"Burnaby, BC V5B 3A6","7384-Other trades and related occupations, n.e.c.",1
,,Columbia Collision Repairs Ltd.,"Surrey, BC V3W 4N2",1241-Administrative assistants,1
,,Desert Drug Store Ltd,"Osoyoos, BC V0H 1V0",3131-Pharmacists,1
,,"Dr. Paul J. Helpard, Inc.","Courtenay, BC V9N 2K4","3223-Dental technologists, technicians and laboratory assistants",1
,,East Van Wear Ltd.,"Vancouver, BC V5N 4A6","6562-Estheticians, electrologists and related occupations",1
,,Enfield Solutions Inc,"SURREY, BC V3W 0X5","7202-Contractors and supervisors, electrical trades and telecommunications occupations",1
,,,,7241-Electricians (except industrial and power system),1
,,Fabwell Industries Inc.,"Delta, BC V4G 1B5",1311-Accounting technicians and bookkeepers,1
,,Fine Drywall Ltd.,"Surrey, BC V3S 3C3",7271-Carpenters,2
,,First Choice Painting Ltd.,"Langley, BC V2Y 1P7",7294-Painters and decorators (except interior decorators),1
,,Gilmore Electric Ltd.,"SURREY, BC V3R 3X4",7241-Electricians (except industrial and power system),3
,,GNJ Homes Ltd.,"Surrey, BC V3W 3T2",7271-Carpenters,2
,,Golden Trading BC Ltd.,"Surrey, BC V3W 7J1",1241-Administrative assistants,1
,,Holaco Construction (1997) Ltd.,"Burnaby, BC V5C 4B9","7201-Contractors and supervisors, machining, metal forming, shaping and erecting trades and related occupations",1
,,Home & House Builder Ltd.,"RICHMOND, BC V6Y 2T9",7271-Carpenters,4
,,Homecraft Siding and Soffits Ltd.,"SURREY, BC V3S 2L7",7441-Residential and commercial installers and servicers,2
,,Icon Creative Studio Inc.,"Vancouver, BC V6B 1B8",1111-Financial auditors and accountants,1
,,,,5241-Graphic designers and illustrators,2
,,Ideal Signs Ltd,"SURREY, BC V3W 3E9",5241-Graphic designers and illustrators,1
,,Insurance Corporation of British Columbia,"North Vancouver, BC V7M 3H9","2161-Mathematicians, statisticians and actuaries",1
,,Japan Sky Dining Ltd.,"Richmond, BC V7C 4N1",6321-Chefs,1
,,Keystone Global Services Inc.,"Burnaby, BC V3N 4N8",1241-Administrative assistants,1
,,Kirkwood Management Services Ltd,"VANCOUVER, BC V6J 1R3",1414-Receptionists,1
,,Limpark Investments Ltd.,"BURNABY, BC V3N 4N3",1241-Administrative assistants,1
,,Lionheart Sports Ltd.,"VANCOUVER, BC V6P 6G2","5243-Theatre, fashion, exhibit and other creative designers",1
,,Matsqui Ag-Repair Ltd.,"ABBOTSFORD, BC V4X 3R2",7312-Heavy-duty equipment mechanics,1
,,MINISIS Inc.,"VANCOUVER, BC V6E 3P3",2175-Web designers and developers,1
,,Mumbai Masala Restaurant,"North Vancouver, BC V7J 3S8",6322-Cooks,1
,,New Country Appliances Inc.,"Surrey, BC V3W 0A8",7313-Refrigeration and air conditioning mechanics,1
,,New Mode Framing Ltd.,"Surrey, BC V3V 5X9",7271-Carpenters,2
,,Nijjar Plumbing & Heating Ltd,"Surrey, BC V3W 0J4",7251-Plumbers,6
,,Northern Star Automotive Inc,"Coquitlam, BC V3E 2B3","7321-Automotive service technicians, truck and bus mechanics and mechanical repairers",1
,,Novax Tile Ltd.,"Coquitlam, BC V3B 0C8",7611-Construction trades helpers and labourers,2
,,Noypi Express Ltd.,"Vancouver, BC V5X 3H8",7511-Transport truck drivers,1
,,Nu Tek Doors Ltd,"SURREY, BC V3W 4K1","1123-Professional occupations in advertising, marketing and public relations",1
,,Oak Bay Guest House,"VICTORIA, BC V8S 5E3",0632-Accommodation service managers,1
,,Peter A. Aylett Inc DBA Aylett Grant Group,"SURREY, BC V4A 2P4",1311-Accounting technicians and bookkeepers,1
,,President Global Consulting Group Ltd.,"Richmond, BC V6X 3X2",1221-Administrative officers,1
,,Royal Craft Construction Ltd,"Surrey, BC V3S 5P1","7205-Contractors and supervisors, other construction trades, installers, repairers and servicers",1
,,Rychter P Construction Ltd,"Surrey, BC V3S 3T2",7271-Carpenters,1
,,S. Johal & Co. INC.,"Surrey, BC V3W 4E8",1221-Administrative officers,1
,,Sandher Truck & Trailer Repair Ltd,"Delta, BC V4G 1E4","7321-Automotive service technicians, truck and bus mechanics and mechanical repairers",1
,,Schols Placing & Finishing Ltd,"CHILLIWACK, BC V2P 6N9",7282-Concrete finishers,1
,,Seca Gems Ltd,"West Vancouver, BC V7T 1A1",0621-Retail and wholesale trade managers,1
,,Securco Services Inc,"NANAIMO, BC V9R 3B6",2242-Electronic service technicians (household and business equipment),1
,,Shil Infotech Inc.,"PORT ALBERNI, BC V9Y 1K7",2172-Database analysts and data administrators,2
,,Shine Kitchen Cabinets Ltd.,"SURREY, BC V3W 1B3",6211-Retail sales supervisors,1
,,Sierrans Roofing Ltd.,"Surrey, BC V6V 0B8",7291-Roofers and shinglers,2
,,SimpeQ Care Inc.,"NORTH VANCOUVER, BC V7M 2H5",3012-Registered nurses and registered psychiatric nurses,1
,,Star Image Gutter & Siding Ltd,"Surrey, BC V3W 3W2",7271-Carpenters,2
,,Steve and Kerry Holdings Ltd,"VICTORIA, BC V9B 6C7",6322-Cooks,1
,,Stuart Howard Architects Inc,"Vancouver, BC V5Y 1J6",2151-Architects,1
,,Surrey Printing Ltd.,"Surrey, BC V3W 9Y4",1241-Administrative assistants,1
,,The Best Siding Const. Ltd.,"SURREY, BC V3W 7M1","7204-Contractors and supervisors, carpentry trades",1
,,Tracker Software Products (Canada) Ltd,"Chemainus, BC V0R 1K0",2173-Software engineers and designers,2
,,Treemendous Arb Care Inc.,"Maple Ridge, BC V2W 1L5",2225-Landscape and horticulture technicians and specialists,1
,,TYRW Holding Inc o/a Jinya Ramen Bar,"VANCOUVER, BC V5Y 1G4",6321-Chefs,1
,,Uvanu International Consulting Ltd,"Vancouver, BC V6B 4W4",1221-Administrative officers,1
,,VA Pro Exterior Ltd.,"BURNABY, BC V5C 2T4",7271-Carpenters,1
,,Valley West Investment Ltd.,"MISSION, BC V2V 4J3",1241-Administrative assistants,1
,,Victoria Amped Electrical Contracting Ltd.,"VICTORIA, BC V9B 2S4",7241-Electricians (except industrial and power system),1
,,VPV Luxury Tiles & Stone Ltd.,"BURNABY, BC V3N 4S5",7283-Tilesetters,1
,,VRChat.ca Development Inc.,"PORT COQUITLAM, BC V3C 5C6","1123-Professional occupations in advertising, marketing and public relations",1
,,Wildsider Enterprises Inc.,"Coquitlam, BC V3J 3P7",0601-Corporate sales managers,1
,,,,1311-Accounting technicians and bookkeepers,1
,,Yaletown Partners Inc.,"Vancouver, BC V6B 5L1","0124-Advertising, marketing and public relations managers",1
,,Yyoung Water Ltd.,"Burnaby, BC V5H 3P7",1225-Purchasing agents and officers,1
,,Zhu Hongbin Food Services Ltd.,"KAMLOOPS, BC V2C 5N8",0631-Restaurant and food service managers,1
,   Low Wage,0816130 B.C. Ltd o/a White Spot,"Kelowna, BC V1V 1S1",6322-Cooks,2
,,0832639 BC Ltd.,"Delta, BC V4K 4W9",6311-Food service supervisors,3
,,0874424 BC Ltd o/a Cora Breakfast and Lunch,"KAMLOOPS, BC V1S 0E1",6322-Cooks,1
,,0894546 BC Ltd.  o/a Black + Blue Restaurant,"Vancouver, BC V6B 1B6",6322-Cooks,3
,,0957645 BC Ltd.,"Kitimat, BC V8C 1T5",6322-Cooks,1
,,0982109 BC Ltd,"Thornhill, BC V8G 3N5",6322-Cooks,1
,,0991476 BC Ltd.,"Prince George, BC V2M 2M2",6311-Food service supervisors,1
,,,,6322-Cooks,2
,,101297129 Saskatchewan Ltd. o/a Bienfait Shop,"Vancouver, BC V5Z 2P6",6211-Retail sales supervisors,1
,,1071830 BC Ltd.  o/a Namaste Authentic Indian Cuisine,"Salmon Arm, BC V1E 4N2",6322-Cooks,3
,,1079995 BC Ltd.,"Port Moody, BC V3H 4V8",0631-Restaurant and food service managers,1
,,21 Century Trading Inc.,"Delta, BC V4G 0A2","7305-Supervisors, motor transport and other ground transit operators",1
,,327494 B.C. Ltd.  o/a Monte Cristo Bakery,"Delta, BC V4G 1A3","9617-Labourers in food, beverage and associated products processing",5
,,604583 BC Ltd,"VANCOUVER, BC V6B 2Y8",6322-Cooks,2
,,674079 BC Ltd. o/a Popkum Country Market,"Rosedale, BC V0X 1X0",6211-Retail sales supervisors,2
,,685946 BC Ltd. o/a Quality Hotel Airport (South),"Richmond, BC V6X 1A1",1311-Accounting technicians and bookkeepers,1
,,ACCS Food Services Incorporated,"VANCOUVER, BC V6E 1C2",6311-Food service supervisors,1
,,Adanac Seafood Inc.,"Vancouver, BC V5L 0B1",7514-Delivery and courier service drivers,2
,,Akal Security Ltd.,"Kelowna, BC V1Y 0B5",1311-Accounting technicians and bookkeepers,1
,,Aroma Indian Restaurant Ltd.,"Port Moody, BC V3H 2N4",0631-Restaurant and food service managers,1
,,,,6322-Cooks,1
,,Assaggio Restaurant & Vinoteca Ltd.  o/a Lupo Restaurant & Vinoteca,"Vancouver, BC V6B 2R7",6322-Cooks,1
,,Averra Developments Inc.,"VANCOUVER, BC V5L 2M4",1241-Administrative assistants,1
,,AZD100 Enterprises Ltd,"VERNON, BC V1T 1P5",6322-Cooks,1
,,Beauty on Beacon Salon Inc.,"Sidney, BC V8L 2W9",6341-Hairstylists and barbers,1
,,BJS Korean Restaurant Ltd o/a Lee Gar Nei,"Surrey, BC V3R 8X7",6322-Cooks,1
,,Bluebird Enterprises Ltd.,"LANGLEY, BC V1M 2N8","7205-Contractors and supervisors, other construction trades, installers, repairers and servicers",1
,,BRICIN ENTERPRISES INC,"Kelowna, BC V1Y 9Z7",6321-Chefs,1
,,BrightStart Children's Academy Ltd.,"PORT COQUITLAM, BC V3C  1E",4214-Early childhood educators and assistants,1
,,Cafe Gloucester Ltd,"Vancouver, BC V5Z 2W5",6321-Chefs,1
,,Costa Del Sol Holdings Ltd.,"SECHELT, BC V0N 3A0",6322-Cooks,3
,,Cribs to Crayons Day Care Ltd.,"Coquitlam, BC V3C 2H9",4214-Early childhood educators and assistants,1
,,Dashing Dawgs Inc.,"Vancouver, BC V6G 3L2",6563-Pet groomers and animal care workers,1
,,Dega Holdings Ltd. o/a Tim Horton's,"Squamish, BC V8B 0K5",6311-Food service supervisors,2
,,Dockside Brewing Company Ltd,"Vancouver, BC V5H 3R9",6322-Cooks,3
,,Elizabeth Manor Inc.,"PARKSVILLE, BC V9P 2G6","3413-Nurse aides, orderlies and patient service associates",1
,,Epic Food Services Inc DBA Tim Hortons,"Richmond, BC V6X 0B8",6311-Food service supervisors,7
,,Ferguson Point Restaurant Inc o/a Teahouse Restaurant,"Vancouver, BC V6G 3E7",6322-Cooks,1
,,Global Light Investment Inc.,"RICHMOND, BC V6X 1B9","0124-Advertising, marketing and public relations managers",1
,,Golden Plaza Company Ltd.,"Vancouver, BC V6Z 1K3",6211-Retail sales supervisors,1
,,H&J Enterprises Limited,"Surrey, BC V3S 5G5",6322-Cooks,2
,,Harco Tiles Ltd.,"Surrey, BC V3R 1G6",7611-Construction trades helpers and labourers,2
,,Hen Long Oriental Gifts & Foods Co. Ltd.,"Surrey, BC V3T 1Y1",6332-Bakers,2
,,,,"6622-Store shelf stockers, clerks and order fillers",4
,,Horizonte Imports Inc.,"SURREY, BC V3X 2B6",6211-Retail sales supervisors,1
,,Ironwood Insurance Agencies Ltd,"RICHMOND, BC V7A 5J3",1311-Accounting technicians and bookkeepers,1
,,J&M Restaurant Ltd.,"Delta, BC V4C 6P5",6322-Cooks,1
,,JTO Enterprises Ltd.,"Vancouver, BC V5X 3L2",6513-Food and beverage servers,2
,,K & OH Holdings Ltd. o/a Kita No Donburi,"VANCOUVER, BC V6B 3H5",6322-Cooks,1
,,Kainth Cloth House,"ABBOTSFORD, BC V2T 0B1","6342-Tailors, dressmakers, furriers and milliners",1
,,Kang Il Holdings Ltd.,"BURNABY, BC V3N 4N3","6313-Accommodation, travel, tourism and related services supervisors",1
,,Karaca Management o/a Uncle Fatih's Pizza,"Surrey, BC V3T 3K5",6311-Food service supervisors,1
,,Kingsbridge Management Ltd.,"Victoria, BC V8V 5C1",6731-Light duty cleaners,2
,,Kisa Enterprises Ltd.,"WEST VANCOUVER, BC V7V 3G9",6211-Retail sales supervisors,1
,,Ko & Lee Holdings Ltd.,"Radium Hot Sprigs, BC V0A 1M0",6312-Executive housekeepers,1
,,Krishmohan Holdings Ltd o/a New York Fries,"VICTORIA, BC V8N 5B8","6711-Food counter attendants, kitchen helpers and related support occupations",1
,,Life & Colour Ventures Inc.,"Vancouver, BC V6A 2B2",6341-Hairstylists and barbers,1
,,Lucy's Eastside Diner Corporation,"Vancouver, BC V6T 1J7","6711-Food counter attendants, kitchen helpers and related support occupations",3
,,M.K.M. Food Services Ltd.,"KAMLOOPS, BC V2C 8B7",6311-Food service supervisors,1
,,MHTV Enterprises Inc o/a Sweet Lime Cafe,"North Vancouver, BC V7P 1S3",6322-Cooks,1
,,Minami Restaurant Canada Ltd. o/a Minami Restaurant,"Vancouver, BC V6B 2T9",6322-Cooks,1
,,Mona Cloth House Co Ltd,"Vancouver, BC V5X 3H2",6211-Retail sales supervisors,1
,,NELSON AVENUE DAYCARE,"BURNABY, BC V5H 3H6",4214-Early childhood educators and assistants,1
,,New 2000 Supermarket Ltd.,"Richmond, BC V6X 4A7",1311-Accounting technicians and bookkeepers,1
,,Newmarket Investment Ltd,"COQUITLAM, BC V3K 6C4",6311-Food service supervisors,1
,,North Douglas Child Care Society,"VICTORIA, BC V8Z 6R9",4214-Early childhood educators and assistants,1
,,North Vancouver Child Development Center Ltd.,"North Vancouver, BC V7H 1Y4",4214-Early childhood educators and assistants,1
,,OH!ZZHU SAM KOREAN RESTAURANT,"BURNABY, BC V3N 1B4",6322-Cooks,1
,,Oriana Yacht Charters Ltd.,"West Vancouver, BC V7T 1B8",6513-Food and beverage servers,1
,,Penticton Towing Ltd.,"PENTICTON, BC V2A 4P6",7511-Transport truck drivers,1
,,Pizza Town & Indian Cuisine Ltd.,"Coquitlam, BC V3J 1S6","6711-Food counter attendants, kitchen helpers and related support occupations",1
,,Premium Brands Bakery Inc.,"Richmond, BC V6C 3C8",6332-Bakers,3
,,Q.E. Park Restaurant Inc.,"Vancouver, BC V6G 3E7",6322-Cooks,1
,,Ranch Park Kids Place,"COQUITLAM, BC V3C 2C4",4214-Early childhood educators and assistants,1
,,Ravnoor Enterprises Ltd.,"LANGLEY, BC V2Z 1K7",6311-Food service supervisors,1
,,Saanich Landscaping Ltd.,"VICTORIA, BC V8Z 3G7",7281-Bricklayers,1
,,Sandhurst Properties Inc.,"Richmond, BC V6X 0B8",6311-Food service supervisors,4
,,Sanjay Foods Ltd.,"Richmond, BC V7E 2G3","6711-Food counter attendants, kitchen helpers and related support occupations",1
,,SBMC Holdings Ltd.,"Victoria, BC V9B 1J2",6311-Food service supervisors,6
,,Seneca Building Maintenance Ltd,"SURREY, BC V3W  3A",6315-Cleaning supervisors,1
,,Seok Gi Si Dae Restaurant Ltd.,"Coquitlam, BC V3J 3X6",6322-Cooks,1
,,Sierra North Enterprises Ltd.,"CHARLIE LAKE, BC V0C 1H0",6211-Retail sales supervisors,1
,,Silk Scarf Holdings Inc.,"SUMMERLAND, BC V0H 1Z4",4163-Business development officers and marketing researchers and consultants,1
,,Soochun Bok o/a Sushi Heaven,"New Westminster, BC V3L 3X6",6322-Cooks,1
,,Spade Coffee Inc.,"Vancouver, BC V5N 4A5",6322-Cooks,1
,,Stay 'N' Play Group Daycare,"Port Coquitlam, BC V3B 3N4",4214-Early childhood educators and assistants,1
,,Steamworks Restaurant Co Ltd. o/a Rogue Kitchen & Wetbar,"Vancouver, BC V6B 1G1",6322-Cooks,2
,,Super-Cut Lumber Industries Ltd,"LANGLEY, BC V1M 3N8","9614-Labourers in wood, pulp and paper processing",4
,,Surecare Cleaning Service Ltd,"NEW WESTMINSTER, BC V3M 4K6",6315-Cleaning supervisors,3
,,Sushisi Enterprises Ltd.  o/a Sushi S Japanese Restaurant,"Burnaby, BC V5G 3H5",6322-Cooks,1
,,Tandoori Raja & Pizza House Ltd.,"Surrey, BC V3W 3B2",6311-Food service supervisors,1
,,,,6322-Cooks,1
,,The Bombay Sweets 2009 Ltd,"Port Coquitlam, BC V3C 3H1",6322-Cooks,1
,,The Coffee Bun Bakery & Cafe Inc.,"NORTH VANCOUVER, BC V7M 3K1",6332-Bakers,1
,,The Poke Guy Food Inc,"VANCOUVER, BC V6B 2Z3",6322-Cooks,1
,,The Wickaninnish Inn Ltd,"TOFINO, BC V0R 2Z0","6742-Other service support occupations, n.e.c.",1
,,United Coastal Logistics Ltd.,"Surrey, BC V3W 7X4","1215-Supervisors, supply chain, tracking and scheduling co-ordination occupations",1
,,Variety Auto Sales Ltd.,"PORT COQUITLAM, BC V3C 1T5",6211-Retail sales supervisors,1
,,Verka Food Products Ltd,"Richmond, BC V6V 1Z9","9617-Labourers in food, beverage and associated products processing",2
,,West Oak Restaurant Ltd.,"VANCOUVER, BC V6B 5P9",6321-Chefs,1
,,Western Bay Properties Inc.,"Richmond, BC V6X 0B8",6311-Food service supervisors,4
,,Wickham Developments Ltd,"Richmond, BC V6X 3M5",0631-Restaurant and food service managers,1
,,Wildsider Enterprises Inc.,"Coquitlam, BC V3J 3P7",1241-Administrative assistants,2
,,YNP Enterprises Ltd.,"COQUITLAM, BC V3B 8B7",6322-Cooks,1
,  Primary Agriculture,Ajay Boparai Enterprises Ltd,"Kelowna, BC V1W 4S4",8431-General farm workers,9
,,Brar Brothers Holdings Ltd.,"Kelowna, BC V1W 4H3",0821-Managers in agriculture,1
,,Concern Herbs Group Ltd.,"LANGLEY, BC V2Z 1K5",8431-General farm workers,3
,,Dorel Krsta ASG Produce,"Armstrong, BC V0E 1B4",8431-General farm workers,1
,,EVL Nursery,"LANGLEY, BC V2Y 2N8",8432-Nursery and greenhouse workers,1
,,Function Junction Fruit Ltd.,"KELOWNA, BC V1P 1C6",8431-General farm workers,2
,,Harman Labour Contracting Ltd,"ABBOTSFORD, BC V2S 6L2","8252-Agricultural service contractors, farm supervisors and specialized livestock workers",2
,,,,8431-General farm workers,20
,,KNB Enterprises Ltd,"Ladner, BC V4K 3N2","8252-Agricultural service contractors, farm supervisors and specialized livestock workers",2
,,,,8431-General farm workers,35
,,Legacy Five Farms Ltd,"Abbotsford, BC V4X 2P6",8431-General farm workers,1
,,Lulu Island Winery Ltd,"Richmond, BC V6V 1A8","8252-Agricultural service contractors, farm supervisors and specialized livestock workers",1
,,Odyssey Ventures Ltd.,"Oliver, BC V0H 1T1","8255-Contractors and supervisors, landscaping, grounds maintenance and horticulture services",2
,,Phulka Farms Inc.,"Abbotsford, BC V2T 5G3",8431-General farm workers,4
,,Sabolay Processors Ltd.,"Langley, BC V4W 1K4",8431-General farm workers,2
,,Samra Bros Blueberry Farms Ltd.,"SURREY, BC V3S 1K4",8431-General farm workers,18
Northwest Territories,   Low Wage,1845945 Alberta Ltd,"Hay River, NT X0E 0R8",6211-Retail sales supervisors,1
,,Arctic Digital Ltd.,"Inuvik, NT X0E 0T0",2242-Electronic service technicians (household and business equipment),1
,,Aurora Ninja Ltd.,"YELLOWKNIFE, NT X1A 2R2","6313-Accommodation, travel, tourism and related services supervisors",1
Employers carrying on business in Canada with Head Office outside of Canada,    High Wage,Backyard Productions LLC.,"Marina Del Ray, 90292","5131-Producers, directors, choreographers and related occupations",1
,,Biscuit Filmworks,"LOS ANGELES, 90038","5131-Producers, directors, choreographers and related occupations",1
,,BOB Industries LLC,"Santa Monica, 90401","5131-Producers, directors, choreographers and related occupations",1
,,Frozen Man Inc.,"New York, 10011","5131-Producers, directors, choreographers and related occupations",3
,,"Furlined, Inc","Santa Monica, 90404","5131-Producers, directors, choreographers and related occupations",1
,,Gleitbau GmbH,"SALZBURG, A5020","7204-Contractors and supervisors, carpentry trades",3
,,Harvest Films Inc.,"Santa Monica, 90404","5131-Producers, directors, choreographers and related occupations",1
,,"Honor Society Films, LLC","New York, 10012","5131-Producers, directors, choreographers and related occupations",1
,,"Humble TV, LLC","Los Angeles, 90019","5131-Producers, directors, choreographers and related occupations",1
,,,"New York, 10011","5131-Producers, directors, choreographers and related occupations",1
,,International Federation of Accountants,"New York, 10017",0111-Financial managers,1
,,Lovesavage Inc.,"BROOKLYN, 11201","5131-Producers, directors, choreographers and related occupations",1
,,Michael Schrom and Company LLC dba Sandwick Media,"BLAUVELT, 10913","5131-Producers, directors, choreographers and related occupations",1
,,"Morton Jankel Zander, Inc.","Los Angeles, 90064","5131-Producers, directors, choreographers and related occupations",1
,,"Moxie Pictures, Inc.","LOS ANGELES, 90016","5131-Producers, directors, choreographers and related occupations",1
,,"Park Pictures, LLC","New York, 10010","5131-Producers, directors, choreographers and related occupations",2
,,Radical Media LLC,"Santa Monica, 90404","5131-Producers, directors, choreographers and related occupations",1
,,"Reset Content, LLC","Santa Monica, 90404","5131-Producers, directors, choreographers and related occupations",2
,,Sanctuary Content Inc.,"LOS ANGELES, 90034","5131-Producers, directors, choreographers and related occupations",1
,,"Serial Pictures, LLC","Culver City, 90232","5131-Producers, directors, choreographers and related occupations",1
,,Stink LLC,"Culver City, 90232","5131-Producers, directors, choreographers and related occupations",1
,,The Sweet Shop,"Hollywood, 90028","5131-Producers, directors, choreographers and related occupations",1
,,Washington Square Films,"New York, 10012","5131-Producers, directors, choreographers and related occupations",1
,  Primary Agriculture,"Olsen Custom Farms, LLC","Hendricks, 56136",8431-General farm workers,28
Notes:,,,,,
1. The source for all information in this report is Employment and Social Development Canada's (ESDC) LMIA System.,,,,,
"2. This list excludes all personal names, such as employers of caregivers or business names that use or include personal names. For this reason, the list is not complete and does not reflect all employers who requested or received an LMIA. Should an employer wish to contact ESDC concerning the accuracy of their information, please contact NA-TFWP-PTET@hrsdc-rhdcc.gc.ca.",,,,,
"3. The employer name is manually entered in system. As such, accuracy of the names is subject to potential data entry error and inconsistent spelling.",,,,,
"4. Effective November 2016, NOC 2011 is being used. Prior to November 2016, all occupations under NOC 2006 were converted to the respective NOC 2011 occupation. Empirical concordance released by Statistics Canada was used to determine appropriate linkages.",,,,,
"5. Effective February 2018, LMIAs in support of Permanent Residence (PR) are excluded from TFWP statistics reporting, unless reported separately. This may impact statistics reported over time.",,,,,
"6. The LMIA System tracks TFW positions only, not TFWs who are issued a work permit or who enter Canada. Not all positions approved result in a work permit or a TFW entering Canada. For information on the number of work permits issued, please consult Immigration Refugees and Citizenship Canada's (IRCC) Facts and Figures: http://www.cic.gc.ca/english/resources/statistics/menu-fact.asp",,,,,
7. The numbers appearing in this release may differ slightly from those reported in previous releases of LMIA statistics due to data updates that occur over time.,,,,,
