"Employers who were issued a negative Labour Market Impact Assessment (LMIA) by stream, National Occupational Classification (NOC) 2011 and business location in 2019 (January-March)",,,,,
Province/Territory,Stream,Employer,Address,Occupation,Requested Positions
Prince Edward Island,    High Wage,Great Enlightenment Buddhist Institute Society,"Little Sands, PE C0A 1W0",7271-Carpenters,8
,,,,7291-Roofers and shinglers,6
,   Low Wage,Perry's Construction Ltd,"Tingish, PE C0B 2B0",7611-Construction trades helpers and labourers,8
,,Red Mountain Food Inc.,"CHARLOTTETOWN, PE C1A 4H7",6321-Chefs,2
,  Primary Agriculture,Matos Winery and Distillery,"St. Catherines, PE C0A 1H1",8431-General farm workers,1
,,Nobra Holsteins Inc.,"Kensington, PE C0B 1M0",8431-General farm workers,3
Nova Scotia,    High Wage,Spar Marine Limited,"DARTMOUTH, NS B3B 1E4",7242-Industrial electricians,1
,   Low Wage,Burnside Law Group Limited,"DARTMOUTH, NS B3B 1S8",4211-Paralegal and related occupations,1
,,C&D Makridis Holdings Ltd.,"Halifax, NS B3M 2K3",6316-Other services supervisors,1
,,Chebucto Inn,"Halifax, NS B3K 2R9",6322-Cooks,1
,,Nio Wholesale Ltd o/a Bento Sushi,"Bedford, NS B4A 0G6",6322-Cooks,1
New Brunswick,    High Wage,Cape Enrage Interpretive Centre Inc.,"WATERSIDE, NB E4H 4Z4",6322-Cooks,1
,,Colbr Consulting Inc.,"Maquapit Lake, NB E4B 0A6","4169-Other professional occupations in social science, n.e.c.",1
,,McKenzie Learning Systems Inc.,"MONCTON, NB E1C 5Y6","1123-Professional occupations in advertising, marketing and public relations",1
,   Low Wage,C&A Toner Ltd.,"GRANDFALLS, NB E3Z 1A6",6332-Bakers,1
Quebec,    High Wage,7909284 Canada inc.,"CANDIAC, QC J5R 2E2","1123-Professional occupations in advertising, marketing and public relations",1
,,9014-5459 Quebec Inc.,"Riviere du Loup, QC G5R 1E2",1241-Administrative assistants,1
,,9171-7363 Quebec Inc,"LA PRAIRIE, QC J5R 1S8","6711-Food counter attendants, kitchen helpers and related support occupations",1
,,9320-9955 Québec inc. / Au Safran,"Saint-Paul, QC J0K 3E0",6322-Cooks,1
,,9358-4399 Québec Inc.,"REPENTIGNY, QC J6A 8L6",6311-Food service supervisors,1
,,9378-3173 Quebec Inc,"MONTRÉAL, QC H2E 2K5","5243-Theatre, fashion, exhibit and other creative designers",1
,,Altitude Aerospace Inc,"MONTRÉAL, QC H4S 1T2",2146-Aerospace engineers,1
,,Au delà de l'éducation Canada Inc,"MONTRÉAL, QC H3H 2S2",4021-College and other vocational instructors,1
,,Canadian Helicopters Limited,"Les Cèdres, QC J7T 1G1",0211-Engineering managers,1
,,Equipement Comact dba: Comact Equipment,"Saint-Georges, QC G5Y 8G4",7231-Machinists and machining and tooling inspectors,2
,,Impôts Lorenti,"MONTREAL, QC H2S 2N1",1311-Accounting technicians and bookkeepers,1
,,JBC Architectes inc.,"Montréal, QC H2V 1A5",2251-Architectural technologists and technicians,1
,,La Maison Simons,"MONTRÉAL, QC H2V 4M1","5232-Other performers, n.e.c.",2
,,Mangogen Pharma inc.,"Laval, QC H7V 5B7","0014-Senior managers - health, education, social and community services and membership organizations",1
,,Maplace Inc.,"QUÉBEC, QC G1V 0B9",1241-Administrative assistants,1
,,NSAIIA INTERNATIONAL INC,"Magog, QC J1X 2B3",2171-Information systems analysts and consultants,1
,,,,2174-Computer programmers and interactive media developers,9
,,Programme Addiction Outreach,"MONTRÉAL, QC H2S 1S8",4212-Social and community service workers,1
,,"Zef Scientific, Inc.","Dorval, QC H9P 1J8",2241-Electrical and electronics engineering technologists and technicians,1
,   Low Wage,9326-9264 Quebec Inc.,"PINCOURT, QC J7W 0H6","6733-Janitors, caretakers and building superintendents",2
,,9339-3817 Québec Inc.,"MONTRÉAL, QC H2P 1V2",6332-Bakers,1
,,Golf Le Griffon De Sources Inc.,"MIRABEL, QC J7N 3B1",1241-Administrative assistants,1
,,La Compagnie Moruzzi Limitée,"Montreal, QC H1P 3L7",6411-Sales and account representatives - wholesale trade (non-technical),1
,,Le Blanco Inc.,"MONT-TREMBLANT, QC J8E 3J8",6341-Hairstylists and barbers,1
,,Les Chamois Mont-Royal Inc.,"MONTREAL, QC H4T 1Y2",1524-Purchasing and inventory control workers,1
,,Salon de coiffure New Chomedey,"MONTRÉAL, QC H2X 1X3",6341-Hairstylists and barbers,1
,  Primary Agriculture,Desil-Eggs Corp.,"Notre-Dame-du-Bon-Conseil, QC J0C 1A0",8431-General farm workers,2
,,Ferme R Legault 2001 Inc.,"St-Eustache, QC J7R 0E2",8431-General farm workers,1
, Global Talent Stream,Le Groupe BSI Inc.,"MONTREAL, QC H2Y 2P5",2171-Information systems analysts and consultants,2
Ontario,    High Wage,10195766 Canada Inc,"RICHMOND HILL, ON L4E 0K2",2241-Electrical and electronics engineering technologists and technicians,1
,,1065022 Ontario Limited O/A Juno Electric,"GUELPH, ON N1K 1B6",7241-Electricians (except industrial and power system),1
,,1166552 Ontario Inc. o/a Pioneer Cruises,"NORTH YORK, ON M3J 3K6",1226-Conference and event planners,1
,,,,6221-Technical sales specialists - wholesale trade,1
,,,,6322-Cooks,1
,,1487017 Ontario Inc. o/a City Engine Rebuilder,"BRAMPTON, ON L6T 4K8",1241-Administrative assistants,1
,,1519950 Ontario Ltd. o/a New Millenium Tire Center,"Brampton, ON L6W 1X4",1431-Accounting and related clerks,2
,,1534178 Ontario Ltd.,"Ottawa, ON K1K 0T6",6322-Cooks,2
,,1545317 Ontario Inc. o/a Liaison College,"TORONTO, ON M9W 1A1",1221-Administrative officers,1
,,1634705 Ontario Inc.,"SEGUIN, ON P2A 2W8","6313-Accommodation, travel, tourism and related services supervisors",1
,,1643707 Ont Inc. o/a Palma Door Systems Inc,"TORONTO, ON M3N 1V9","9226-Supervisors, other mechanical and metal products manufacturing",1
,,1714625 Ontario Limited. trading as Bill's Mobile Repair,"Sarnia, ON N7W 1B6","7321-Automotive service technicians, truck and bus mechanics and mechanical repairers",1
,,1817478 Ontario Inc o/a Schnitzel Hub,"Toronto, ON M4T 1Y7",6322-Cooks,1
,,2000007 Ontario Inc. o/a INKAS Armored Vehicle Manufacturing,"Toronto, ON M9L 1V7",1221-Administrative officers,1
,,2017761 Ontario Ltd. o/a Bathurst Village Market,"TORONTO, ON M2R 1Z1",2281-Computer network technicians,1
,,2029147 Ontario Inc.,"AYR, ON N0B 1E0","1215-Supervisors, supply chain, tracking and scheduling co-ordination occupations",1
,,2192964 Ontario Limited,"NORTH BAY, ON P1B 0A6","6562-Estheticians, electrologists and related occupations",1
,,2223098 Ontario Inc,"Mississauga, ON L4T 0A7",6311-Food service supervisors,1
,,2256876 Ontario Inc. o/a Industrial Automation Repair,"Mississauga, ON L4W 1R1",6221-Technical sales specialists - wholesale trade,1
,,2258517 Ontario Ltd. o/a Boston Pizza Kingston West,"KINGSTON, ON K7M 3Y5",1311-Accounting technicians and bookkeepers,1
,,,,6311-Food service supervisors,1
,,2262415 Ontario Inc. o/a Skyblue Enterprises,"MISSISSAUGA, ON L4W 1V5",6222-Retail and wholesale buyers,1
,,2333869 Ontario Inc. o/a Top Rehab,"MISSISSAUGA, ON L5M 3B9","1211-Supervisors, general office and administrative support workers",1
,,2366783 Ontario Inc. o/a Peel Auto Collision,"BRAMPTON, ON L4W 1E3",7237-Welders and related machine operators,1
,,,,7322-Motor vehicle body repairers,1
,,2373959 Ontario Ltd.  o/a Quality Supermarket,"MILTON, ON L9T 9H1",6311-Food service supervisors,1
,,2430787 Ontario Inc. o/a Friends Furniture and Matress,"Brampton, ON L6T 5E7",1311-Accounting technicians and bookkeepers,1
,,2482575 Ontario Inc. o/a National Auto Centre,"BRAMPTON, ON L6P 1L9",1522-Storekeepers and partspersons,1
,,2524214 Ontario Inc. o/a Hampton Inn,"MAPLE, ON L6A 3K1","6313-Accommodation, travel, tourism and related services supervisors",1
,,2565732 Ontario Inc. o/a Amorim Concrete and Contracting,"KITCHENER, ON N2G 2V4",7282-Concrete finishers,1
,,7 DECEMBER 1921 ONTARIO INC. o/a Subway,"COBDEN, ON K0J 1K0",0631-Restaurant and food service managers,1
,,8815216 Canada Inc. (Kenora Husky Travel Centre),"KENORA, ON P9N 1V6",0621-Retail and wholesale trade managers,1
,,A & F Equipment Limited,"ETOBICOKE, ON M9W 1L3",7511-Transport truck drivers,4
,,A-Class Upholstery Ltd.,"Brampton, ON L6T 3V1",4216-Other instructors,1
,,Action Anytime Building Services Ltd.,"TORONTO, ON M9V 1C2",1221-Administrative officers,1
,,Advanced Control System Corporation,"STOUFFVILLE, ON L4A 7X4",1221-Administrative officers,1
,,Agriculture Environmental Renewal Canada Inc.,"NEPEAN, ON K2G 5P6",2121-Biologists and related scientists,1
,,Akal Optical Ltd.,"ETOBICOKE, ON M9V 1A7",6211-Retail sales supervisors,1
,,Altaqwa Academy Foundation,"LONDON, ON N5V 3H4",0422-School principals and administrators of elementary and secondary education,4
,,Animals Inc.,"TORONTO, ON M6J 2R9","5131-Producers, directors, choreographers and related occupations",2
,,Antica Osteria Italian Eatery Ltd.,"CALEDON, ON L7C 2G2",6321-Chefs,1
,,Atif Ageel Architect Inc,"MISSISSAUGA, ON L5M 2K8",2231-Civil engineering technologists and technicians,1
,,Aussie Stone Marble & Granite Inc.,"BURLINGTON, ON L7R 3P6","9414-Concrete, clay and stone forming operators",1
,,B Negative LLC,"SCARBOROUGH, ON M1N 4B5","5131-Producers, directors, choreographers and related occupations",1
,,B.G.A. Construction,"MISSISSAUGA, ON L5M 6P1",1241-Administrative assistants,1
,,Bah & Sons Ltd.,"BRAMPTON, ON L6R 3C4",7511-Transport truck drivers,3
,,Baumeier Corporation,"CAMBRIDGE, ON N3H 4R7",7231-Machinists and machining and tooling inspectors,1
,,Bay Street Real Estate Investment Ltd.,"MARKHAM, ON L3R 9Y7",1242-Legal administrative assistants,1
,,Bello Horizonte Construction Ltd,"North York, ON M6L 1H7",7271-Carpenters,1
,,Benson Mortgages Corp.,"RICHMOND HILL, ON L4C 3B8",2171-Information systems analysts and consultants,1
,,Bento Nouveau Ltd,"Markham, ON L3R 5N8",1241-Administrative assistants,1
,,Bormill Inc,"Hamilton, ON L8M 1M8","7202-Contractors and supervisors, electrical trades and telecommunications occupations",1
,,BTE ASSEMBLY LIMITED,"LISTOWEL, ON N4W 3H2","9535-Plastic products assemblers, finishers and inspectors",5
,,CaffComm Systems Inc.,"THORNHILL, ON L3T 0B3",2281-Computer network technicians,1
,,Camp Forming Ltd.,"CONCORD, ON L4K 1P2",7611-Construction trades helpers and labourers,1
,,Canprev Natural Health Products Ltd.,"Toronto, ON M1S 3R5",2174-Computer programmers and interactive media developers,1
,,Castanas Inc.  o/a Marron Bistro,"TORONTO, ON M6C 2C2",6322-Cooks,1
,,Children's Hospital Of Eastern Ontario,"Ottawa, ON K1H 8L1",3111-Specialist physicians,1
,,CIRC Radio Inc.,"BRAMPTON, ON L6S 0E8",5123-Journalists,1
,,Circle Productions Ltd,"Toronto, ON M5V 1T2","5131-Producers, directors, choreographers and related occupations",1
,,Companion Healthcare Corporation,"TORONTO, ON M3B 2R2",3111-Specialist physicians,1
,,Condor Security Inc,"TORONTO, ON M3H 5S4",6316-Other services supervisors,1
,,Delstar (2000) Inc.,"Brampton, ON L6S 5X2",7231-Machinists and machining and tooling inspectors,1
,,Dick's Garage Limited,"SAULT STE MARIE, ON P6A 5K9","7321-Automotive service technicians, truck and bus mechanics and mechanical repairers",1
,,DMN Transportation Limited,"OAKVILLE, ON L6H 7V4","0016-Senior managers - construction, transportation, production and utilities",1
,,Dr. Emel Arat Dentistry Professional Corporation,"TORONTO, ON M4G 3B7","0124-Advertising, marketing and public relations managers",1
,,Durose Manufacturing Ltd.,"GUELPH, ON N1E 6C1",7237-Welders and related machine operators,5
,,Elite Alliance Services Inc.,"NORTH YORK, ON M2N 0G3","0124-Advertising, marketing and public relations managers",1
,,Everest Transportation Inc.,"CALEDON EAST, ON L7C 2X6",7511-Transport truck drivers,5
,,Fantilli Carpentry Ltd.,"Toronto, ON M6J 2Z8",7272-Cabinetmakers,1
,,FC Locksmiths Ltd.,"CONCORD, ON L4K 0A8","7384-Other trades and related occupations, n.e.c.",1
,,Flynn Canada Ltd.,"Mississauga, ON L4V 1K2",7292-Glaziers,1
,,FMF Glass Hardware Inc.,"WOODBRIDGE, ON L4L 0A2",1311-Accounting technicians and bookkeepers,1
,,Gameloft Entertainment Toronto Inc.,"Toronto, ON M6K 3J7",5241-Graphic designers and illustrators,1
,,Gip Sing International Ltd.,"Toronto, ON M1S 5H6",2175-Web designers and developers,1
,,Glen-Merritt Collision Ltd.,"ST. CATHERINES, ON L2S 0B6",7322-Motor vehicle body repairers,1
,,Golden Grain Inc.,"WINDSOR, ON N9G 2Y2","9524-Assemblers and inspectors, electrical appliance, apparatus and equipment manufacturing",1
,,Hydrauli-Chrome Inc.,"OTTAWA, ON K1B 4S1",7231-Machinists and machining and tooling inspectors,3
,,IDC Technologies Canada,"NORTH YORK, ON M2P 2A8","0013-Senior managers - financial, communications and other business services",1
,,Infinite Outsourcing Solutions Inc.,"TORONTO, ON M9N 3W3",1521-Shippers and receivers,10
,,Innovative Processing Technologies Inc,"WATERLOO, ON N2V 1N2",2233-Industrial engineering and manufacturing technologists and technicians,1
,,Jagjot Express Inc.,"ETOBICOKE, ON M9W 1L4",1311-Accounting technicians and bookkeepers,1
,,,,7511-Transport truck drivers,3
,,James McDermott Services Inc,"TORONTO, ON M5A 1W7","7321-Automotive service technicians, truck and bus mechanics and mechanical repairers",2
,,Jamrock Irie Jerk/2270243 Ontario Inc.,"ST. CATHARINES, ON L2R 2P5",0631-Restaurant and food service managers,1
,,JD Property Canada Corp. o/a JD Development Group,"MARKHAM, ON L3R 5J2",0111-Financial managers,1
,,Jewish Family Services of Ottawa,"OTTAWA, ON K2B 7Z5","4153-Family, marriage and other related counsellors",1
,,Konnection Recycles Inc,"BRAMPTON, ON L6R 3W3","0013-Senior managers - financial, communications and other business services",1
,,Korbitec Inc,"Toronto, ON M5C 1B5",2174-Computer programmers and interactive media developers,1
,,Lima's Gardens & Construction Inc.,"Toronto, ON M9L 1X6",7312-Heavy-duty equipment mechanics,1
,,LIME TREE FINANCIAL GROUP INC.,"THORNHILL, ON L3T 0C4",1241-Administrative assistants,1
,,Linkglobal Food,"Richmond Hill, ON L4B 1L5",1241-Administrative assistants,1
,,LJP Corporation o/a Hockley Valley Resort,"Mono, ON L9W 5X7",6322-Cooks,1
,,Loosestring Designs o/a 2543491 Ontario Incorporated,"Timmins, ON P4N 2W9",2281-Computer network technicians,1
,,Mansumi Welding Corporation,"STOUFFVILLE, ON L4A 1X6",0211-Engineering managers,1
,,Mayar International Inc.,"Markham, ON L3R 3B2","1215-Supervisors, supply chain, tracking and scheduling co-ordination occupations",1
,,Mc Garr Industries Limited,"Cambridge, ON N1R 5R5",7231-Machinists and machining and tooling inspectors,1
,,Mid-Ontario Diesel Limited,"MAPLE, ON L6A 4R6","7321-Automotive service technicians, truck and bus mechanics and mechanical repairers",1
,,Norfinch Glass & Mirror Mfg Limited.  o/a Norfinch Glass & Mirror,"TORONTO, ON M9W 7A4",0711-Construction managers,1
,,Nous Infosystems Private Ltd,"MISSISSAUGA, ON L4Z 1H8",4163-Business development officers and marketing researchers and consultants,1
,,Ontario Impex of Canada,"BRAMPTON, ON L6T 1E2","5131-Producers, directors, choreographers and related occupations",1
,,OPC TV Inc.,"TORONTO, ON M5A 2N4","5131-Producers, directors, choreographers and related occupations",1
,,Paradise Roadways Inc.,"BRANTFORD, ON N3T 0E5","1215-Supervisors, supply chain, tracking and scheduling co-ordination occupations",1
,,Picture Depot Inc.,"TORONTO, ON M3J 2A7","9214-Supervisors, plastic and rubber products manufacturing",1
,,Premium Window Cleaning Ltd.,"Uxbridge, ON L9P 1B7",6315-Cleaning supervisors,1
,,Presidential Life Inc.,"Mississauga, ON L5T 2J6",0111-Financial managers,1
,,ProDesign Automation Inc.,"BRAMPTON, ON L6T 4Z5",2232-Mechanical engineering technologists and technicians,1
,,Public Disposal and Recycling Inc.,"Kleinburg, ON L0J 1C0",7271-Carpenters,1
,,Punjabi Dhaba,"Mississauga, ON L4T 1A6",6322-Cooks,1
,,Purba Furniture Ltd,"Mississauga, ON L4T 1A1",6211-Retail sales supervisors,1
,,R Office Solutions,"Toronto, ON M3J 2X4","9224-Supervisors, furniture and fixtures manufacturing",1
,,Rafat General Contractor Inc,"Caledon, ON L7E 2Y4","7301-Contractors and supervisors, mechanic trades",1
,,Ready Go Transport Inc.,"HALTON HILLS, ON L9T 2X9","1215-Supervisors, supply chain, tracking and scheduling co-ordination occupations",1
,,Reliance Carriers Inc.,"MISSISSAUGA, ON L5N 8L2",1221-Administrative officers,1
,,Reliance Collision Centre Ltd.,"MISSISSAUGA, ON L4W 2R4","7301-Contractors and supervisors, mechanic trades",1
,,Restorex Contracting Ltd.,"Brampton, ON L6T 5G2",7271-Carpenters,5
,,Rigarus Construction Inc.,"ELMIRA, ON N3B 2Z5",7245-Telecommunications line and cable workers,1
,,Rudy Mak Surveying Ltd,"BARRIE, ON L4N 8M5",2154-Land surveyors,1
,,Sayan Restaurants Canada Inc. o/a KFC,"TORONTO, ON M2N 6K1",6311-Food service supervisors,1
,,Scorpion Road Link Inc.,"ALLISTON, ON L9R 0N8","1215-Supervisors, supply chain, tracking and scheduling co-ordination occupations",1
,,Sequoia Content International Ltd,"Toronto, ON M5B 2E7","5131-Producers, directors, choreographers and related occupations",1
,,Shahid Malik Law Office Professional Corp.,"MISSISSAUGA, ON L4Z 1X1",1242-Legal administrative assistants,1
,,Siali Corporation,"CHAPLEAU, ON P0M 1K0","6313-Accommodation, travel, tourism and related services supervisors",1
,,Sirius Auto Parts Corp.,"Woodbridge, ON L4L 6B4","1215-Supervisors, supply chain, tracking and scheduling co-ordination occupations",1
,,Sky Ride Transport Inc.,"BRAMPTON, ON L6W 3G2",1241-Administrative assistants,1
,,Southern Cross Plumbing Inc,"Toronto, ON M1E 5C8",7294-Painters and decorators (except interior decorators),1
,,Sparks Productions,"Toronto, ON M6K 3J1","5131-Producers, directors, choreographers and related occupations",1
,,Specialized Metal Fabricators Inc.,"WOODBRIDGE, ON L4L 5Y6","0124-Advertising, marketing and public relations managers",1
,,Stargate Logistics Ltd.,"Mississauga, ON L5T 2S6",1221-Administrative officers,1
,,Steam Films Inc.,"TORONTO, ON M5A 2N4","5131-Producers, directors, choreographers and related occupations",1
,,Streamline Cable Solutions Inc,"Woodbridge, ON L4H 0R6",7247-Cable television service and maintenance technicians,1
,,Suneeva Ltd.,"Toronto, ON M5B 2E7","5131-Producers, directors, choreographers and related occupations",2
,,Sure Track Courier Ltd.,"Concord, ON L4K 5B5","7305-Supervisors, motor transport and other ground transit operators",1
,,T. Weber Co. Ltd.,"BLOOMINGDALE, ON N0B 1K0",7611-Construction trades helpers and labourers,2
,,The Tempered Room Ltd,"TORONTO, ON M6K 1L7",6332-Bakers,1
,,"The Tree Specialists, Inc","OAKVILLE, ON L6L 4A7",2225-Landscape and horticulture technicians and specialists,1
,,Tito Construction Ltd.,"Toronto, ON M9L 1M3",7271-Carpenters,1
,,Trican Masonry Contractors Inc.,"Mississauga, ON L5G 1M8",7281-Bricklayers,2
,,TTEC Computers Inc.,"BRAMPTON, ON L6Y 1M5",2281-Computer network technicians,1
,,Ubisoft Toronto Inc.,"Toronto, ON M6H 1V7","1123-Professional occupations in advertising, marketing and public relations",1
,,,,5121-Authors and writers,1
,,VAL/MAR Construction Inc.,"Scarborough, ON M1K 2X4",7311-Construction millwrights and industrial mechanics,1
,,Voyzant Inc.,"MARKHAM, ON L3R 5J2","6313-Accommodation, travel, tourism and related services supervisors",1
,   Low Wage,1100852 Ontario Ltd.,"Mississauga, ON L5A 1X1","5254-Program leaders and instructors in recreation, sport and fitness",1
,,1559778 Ontario Inc. o/a Tim Hortons,"LINDSAY, ON K9V 5N2",6311-Food service supervisors,4
,,1623385 Ontario Inc. o/a Purba Vision,"GUELPH, ON N1L 1N5",6211-Retail sales supervisors,1
,,1672251 Ontario Ltd. o/a Rio 40 Degrees Restaurant & Bar,"Toronto, ON M6E 1B9",6322-Cooks,1
,,1678183 Ontario Inc.,"TORONTO, ON M1G 2V7",1241-Administrative assistants,1
,,1717495 Ontario Inc.  o/a Green Mango Tree Thai Fusion,"COLLINGWOOD, ON L9Y 1A5",6322-Cooks,2
,,1748302 Ontario Inc.,"FLESHERTON, ON N0C 1E0","6711-Food counter attendants, kitchen helpers and related support occupations",1
,,1784402 Ontario Limited o/a Ruth's Chris Steak House,"Niagara Falls, ON L2G 3V9",6322-Cooks,1
,,1875600 Ontario Inc,"ETOBICOKE, ON M9B 4Y7",6321-Chefs,2
,,1877351 Ontario Ltd.  o/a Captain George's Fish & Chips,"Toronto, ON M9V 5E2",6322-Cooks,1
,,1897366 Ontario Inc. o/a Pizza Pizza,"KANATA, ON K2W 0C5",6311-Food service supervisors,1
,,1975471 Ontario Ltd. O/A Canadian Tire Gas,"COBOURG, ON K9A 5T9",6211-Retail sales supervisors,1
,,2061054 Ontario Inc.,"NORTH YORK, ON M3N 2V3",6311-Food service supervisors,1
,,2096899 Ontario Inc.,"Toronto, ON M5S 1X8",6321-Chefs,1
,,2105727 Ontario Inc.,"Oakville, ON L6H 6K7",6311-Food service supervisors,1
,,2237923 Ontario Inc.  o/a Las Delicias,"MISSISSAUGA, ON L5B 1H7",6322-Cooks,1
,,2290605 Ontario Inc. (STL),"CALEDON, ON L7C 3A6",7511-Transport truck drivers,1
,,2316957 Ontario Corp o/a Sushi California,"Toronto, ON M6E 1B7",6322-Cooks,1
,,2323886 Ontario Inc. o/a Man O Salwa Foods,"TORONTO, ON M1B 5M3",6311-Food service supervisors,1
,,2328392 Ontario Inc o/a Dollar Bits & Discounts,"BRAMPTON, ON L0G 1W0",6211-Retail sales supervisors,1
,,2354181 Ont Inc.,"Toronto, ON M4N 2L9",6322-Cooks,2
,,2381062 Ontario Inc. o/a Hampton Inn Suites by Hilton Thunder Bay,"THUNDER BAY, ON P7E 5R9",6731-Light duty cleaners,1
,,2383879 Ontario Inc,"Etobicoke, ON M9W 0B3","6331-Butchers, meat cutters and fishmongers - retail and wholesale",1
,,2409955 ONTARIO INC.,"BRAMPTON, ON L6S 5H2",7511-Transport truck drivers,2
,,2436853 Ontario Inc.  o/a Kibo Sushi House,"Toronto, ON M6C 1B2",6322-Cooks,1
,,5004554 Ontario Inc.,"HAMILTON, ON L8R 1C4",0621-Retail and wholesale trade managers,1
,,666448 Ontario Limited O/A Mister Produce,"ETOBICOKE, ON M8Z 2H1","9617-Labourers in food, beverage and associated products processing",9
,,8331090 Canada Inc.,"BARRIE, ON L4N 0B1",6311-Food service supervisors,1
,,8773173 Canada Inc.,"BRAMPTON, ON L6V 4S3",7511-Transport truck drivers,5
,,AW Shucks Inc.,"RICHMOND HILL, ON L4C 6C6",0631-Restaurant and food service managers,1
,,BrightPath Kids Corp,"TORONTO, ON M8X 2X3",4214-Early childhood educators and assistants,1
,,Dekora Album Corporation,"TORONTO, ON M3J 2W6",5244-Artisans and craftspersons,1
,,Direct Plumbing & Renovations Ltd.,"MARKHAM, ON L3R 2W2",7251-Plumbers,1
,,Future Bakery Ltd.,"Toronto, ON M8Z 2E2",6332-Bakers,1
,,Golden Grain Inc.,"WINDSOR, ON N9G 2Y2",8612-Landscaping and grounds maintenance labourers,1
,,Jag 'N Sugar Restaurants Inc.,"TIMMINS, ON P4N 7C3",6311-Food service supervisors,7
,,Jomarnik Holdings Ltd. o/a Red Dog Inn,"TERRACE BAY, ON P0T 2W0",6513-Food and beverage servers,1
,,Kal-Trading Inc.,"MISSISSAUGA, ON L5C 1W4",9422-Plastics processing machine operators,1
,,Kivalo Fine Cabinetry Inc.,"AURORA, ON L4G 3S5",7272-Cabinetmakers,1
,,National Countertops Inc.,"Mississauga, ON L4T 3X2",6211-Retail sales supervisors,1
,,Nestor's Truck Mobile Service Inc,"WOODBRIDGE, ON L4H 2N3",7612-Other trades helpers and labourers,1
,,North Durham Veterinary Professional Corp.,"OSHAWA, ON L1G 4X8",3213-Animal health technologists and veterinary technicians,1
,,Onnki Donburi Ltd.,"TORONTO, ON M4Y 1V8",6322-Cooks,1
,,Ontario Gasket Inc,"OTTAWA, ON K1J 9E5",7232-Tool and die makers,1
,,Ottawa Textiles 2000 Inc,"OTTAWA, ON K1G 1A2","9619-Other labourers in processing, manufacturing and utilities",1
,,Palma Pasta Corporation,"Mississauga, ON L5C 4P9",6332-Bakers,1
,,Peter & Paul's Manor Ltd,"KING, ON L7B 0C7",6321-Chefs,1
,,Pramukh Krupa Enterprises Ltd.,"ORILLIA, ON L3V 8A2",6311-Food service supervisors,1
,,"ROMAN SHAMRAY, operating: SHAMRAYS ENTERPRISE","Ottawa, ON K1V 6V8",7271-Carpenters,1
,,Rosi Educational Services Inc.,"RICHMOND HILL, ON L4S 2A2",4214-Early childhood educators and assistants,1
,,Shoetopia Footware Inc.,"FERGUS, ON N1M 3N7",6421-Retail salespersons,1
,,Skyventure Ontario Ltd. o/a iFLY Toronto,"Oakville, ON L6H 6P5","5254-Program leaders and instructors in recreation, sport and fitness",2
,,Soul Restaurants Canada Inc. o/a KFC,"TORONTO, ON M2N 6K1",6311-Food service supervisors,1
,,SSRP Telecom Inc.,"BRAMPTON, ON L6P 2K9",6211-Retail sales supervisors,1
,,Tabule Inc,"Toronto, ON M4S 1Z8",6321-Chefs,1
,,"Triple  ""A"" Cheese Co. Ltd.","Mississauga, ON L4T 3L7","9461-Process control and machine operators, food, beverage and associated products processing",1
,,VERICO The Financial Forum Ltd.,"VAUGHN, ON L4L 8S9",1241-Administrative assistants,1
,  Primary Agriculture,Brian's Poultry Services Ltd,"MILDMAY, ON N0G 2J0",8431-General farm workers,28
,,Canadian Poultry Services,"MILDMAY, ON N0G 2J0",8431-General farm workers,12
,,Chin Tai Ginseng Co. Ltd,"RICHMOND HILL, ON L4B 1C8",8611-Harvesting labourers,4
,,Closson Chase Vineyards Inc,"Hillier, ON K0K 2J0",8431-General farm workers,7
,,Hendriks Greenhouses,"Beamsville, ON L0R 1B3","8255-Contractors and supervisors, landscaping, grounds maintenance and horticulture services",4
,,Henry J. Peters Farms Ltd,"THEDFORD, ON N0M 2N0",8431-General farm workers,1
,,J & L Walker Farms Ltd,"Aylmer, ON N5H 2R1","8252-Agricultural service contractors, farm supervisors and specialized livestock workers",1
,,LEL Farms Inc,"GUELPH, ON N1L 1G3",8431-General farm workers,1
,,Meyers Fruit Farms Ltd,"Niagara on the lake, ON L0S 1J0",8432-Nursery and greenhouse workers,1
,,Scotlynn Sweetpac Growers Inc,"Vittoria, ON N0E 1W0","8252-Agricultural service contractors, farm supervisors and specialized livestock workers",2
,,The Hop Farm Inc.,"GORMLEY, ON L0H 1G0",8431-General farm workers,4
Manitoba,    High Wage,6081283 Manitoba Ltd. o/a Star Motel - Morden,"MORDEN, MB R6M 1P4",0632-Accommodation service managers,1
,,Allmar Inc.,"Winnipeg, MB R2L 0N2",2263-Inspectors in public and environmental health and occupational health and safety,1
,,Bev's Repair Inc,"MANITOU, MB R0G 1G0",7322-Motor vehicle body repairers,1
,,Canada Tiger Mountain Ltd.,"TREHERNE, MB R0G 2V0",0621-Retail and wholesale trade managers,1
,,Ishar Automobiles Inc.,"WINNIPEG, MB R2P 1M2",1311-Accounting technicians and bookkeepers,1
,,Mountain City Aviation Inc.,"MORDEN, MB R6M 1J1",0421-Administrators - post-secondary education and vocational training,1
,,NEO MART INC.,"BRANDON, MB R7A 5C2",0621-Retail and wholesale trade managers,1
,,OPD Canada Development Corporation,"WINNIPEG, MB R3C 3H3",0714-Facility operation and maintenance managers,1
,,Orbit Motor Carriers Inc.,"STEINBACH, MB R5G 0X1",1311-Accounting technicians and bookkeepers,1
,,,,1525-Dispatchers,1
,,The North West Company LP,"WINNIPEG, MB R3C 1A3",7271-Carpenters,1
,,Zeghers Canada,"HOLLAND, MB R0G 0X0","9619-Other labourers in processing, manufacturing and utilities",1
,   Low Wage,6251137 Manitoba Ltd.,"SHILO, MB R0K 2A0",6322-Cooks,2
,,6482610 Manitoba Ltd,"WINNIPEG, MB R3Y 1N6","6561-Image, social and other personal consultants",1
,,6947795 Manitoba Ltd.,"ASHERN, MB R0C 0E0",6311-Food service supervisors,2
,,Liyan Enterprises Inc.,"DAUPHIN, MB R7N 1K6",6211-Retail sales supervisors,1
,,Medsafe Pharmacy Ltd,"BRANDON, MB R7B 4G9",3414-Other assisting occupations in support of health services,1
,,Tokyo Zone,"Brandon, MB R7A 7L9",6322-Cooks,2
,  Primary Agriculture,Canmark Family Farming Ltd.,"Roblin, MB R0L 1P0",8431-General farm workers,5
Saskatchewan,    High Wage,Sky Ag Services Limited,"Lafleche, SK S0H 2K0","2271-Air pilots, flight engineers and flying instructors",1
,   Low Wage,101216694 Sask. Ltd.,"Southey, SK S0G 4P0",6322-Cooks,1
,,Hashtag International Inc,"SASKATOON, SK S7K 8C1",6211-Retail sales supervisors,1
,  Primary Agriculture,Michaelsen Farms,"Lampman, SK S0C 1N0",8431-General farm workers,3
,,Shamrock Ranch Ltd,"SHAMROCK, SK S0H 3W0","8252-Agricultural service contractors, farm supervisors and specialized livestock workers",1
Alberta,    High Wage,1318914 Alberta Ltd o/a Lovely Sweets & Restaurant,"Calgary, AB T3J 3Z5",0631-Restaurant and food service managers,1
,,1392635 Alberta Ltd. o/a Riteway Moving,"Rocky View, AB T4A 0E2","1215-Supervisors, supply chain, tracking and scheduling co-ordination occupations",1
,,1725503 Alberta Ltd,"Edmonton, AB T5T 5W8",6311-Food service supervisors,1
,,1735093 Alberta LTD,"ST. ALBERT, AB T8N 6A9",1311-Accounting technicians and bookkeepers,1
,,1926679 Alberta Ltd. o/a Circle K,"Sylvan Lake, AB T4S 2M2",6211-Retail sales supervisors,1
,,,,6311-Food service supervisors,1
,,1994076 Alberta Inc.,"DRUMHELLER, AB T0J 0Y6",6211-Retail sales supervisors,1
,,2009313 Alberta Ltd. o/a BIG FISH SEAFOOD and OYSTER BAR RESTAURANT,"Calgary, AB T2E 3K4",6322-Cooks,3
,,2039398 Alberta Ltd. o/a India Flame,"RED DEER, AB T4R 0P3",6322-Cooks,1
,,AJ Exteriors & Interiors Ltd,"CALGARY, AB T2M 4L5","7284-Plasterers, drywall installers and finishers and lathers",5
,,AJ Flooring & More Inc.,"EDMONTON, AB T6E 6B6","7284-Plasterers, drywall installers and finishers and lathers",2
,,Amazon Springs Water Co. Ltd.,"St. Albert, AB T8N 5E1",7452-Material handlers,1
,,Anchal Holding Ltd,"EDMONTON, AB T6L 6J6",7511-Transport truck drivers,2
,,Atlas Growers Ltd.,"EDMONTON, AB T5J 3H1",0212-Architecture and science managers,1
,,,,4163-Business development officers and marketing researchers and consultants,1
,,Bhatti Entreprises Inc,"Edmonton, AB T6S 1E9",7511-Transport truck drivers,4
,,Bulltrans Express Inc.,"CALGARY, AB T3H 3K7",0731-Managers in transportation,1
,,Canadian Consulting Engineers Inc,"Drayton Valley, AB T7A 1R7","2161-Mathematicians, statisticians and actuaries",1
,,Colt's Construction Alberta Ltd.,"Edmonton, AB T5X 5W5",7282-Concrete finishers,4
,,CTX Logistics Inc.,"CALGARY, AB T2C  2T",0111-Financial managers,1
,,Exclusive Drywall Ltd.,"EDMONTON, AB T6X 0P2","7284-Plasterers, drywall installers and finishers and lathers",3
,,Fancy Doors & Mouldings Ltd,"Edmonton, AB T6B 3S5",2243-Industrial instrument technicians and mechanics,1
,,GLC Vet Services Ltd. o/a City Centre Animal Hospital,"AIRDRIE, AB T4B 3M2",1221-Administrative officers,1
,,Gordion Construction Ltd.,"Edmonton, AB T6E 6T7","7284-Plasterers, drywall installers and finishers and lathers",6
,,In Can Commissioning Services Ltd,"FORT MCMURRAY, AB T9K 0R8",0711-Construction managers,2
,,,,2282-User support technicians,1
,,J&A Cleaning Services Inc,"Calgary, AB T3H 5C8",6315-Cleaning supervisors,1
,,JBS Food Canada ULC,"Brooks, AB T1R 1C6","9213-Supervisors, food, beverage and associated products processing",7
,,Kings Way Transportation Inc.,"CALGARY, AB T2C 4X5",7511-Transport truck drivers,5
,,MC Concrete Ltd.,"CALGARY, AB T2Y 0E8",7282-Concrete finishers,1
,,Microbakes Services Inc.  o/a Flavours Restaurant Calgary,"CALGARY, AB T2K 1A3",6322-Cooks,1
,,Moonlight_2G Ltd.,"CALGARY, AB T2P 3Y6",6311-Food service supervisors,1
,,Multiple Business,"Cochrane, AB T4C 1Z6",6211-Retail sales supervisors,1
,,Nabil Carpet Inc,"Edmonton, AB T6V 0H3",6315-Cleaning supervisors,1
,,Nick's Woodcraft Industries Ltd.,"Calgary, AB T2K 5X7",7272-Cabinetmakers,1
,,North 67 Transport Inc.,"EDMONTON, AB T6X 0Y2",0731-Managers in transportation,1
,,Quality Property Development Inc.,"EDMONTON, AB T5J 1W8",1311-Accounting technicians and bookkeepers,1
,,R & PS Trucking Ltd,"CALGARY, AB T3J 4P5",1221-Administrative officers,1
,,Rockeast Energy Corp.,"CALGARY, AB T2P 3T7","0016-Senior managers - construction, transportation, production and utilities",1
,,Rocky Mountain Sherpas Inc,"CANMORE, AB T1W 1E7","5131-Producers, directors, choreographers and related occupations",1
,,Sidhu Truck Repairs Ltd,"EDMONTON, AB T5Y 3H7","7321-Automotive service technicians, truck and bus mechanics and mechanical repairers",2
,,Sun Meats Ltd,"CALGARY, AB T3J 3J8",0621-Retail and wholesale trade managers,1
,,Sunstar Concrete Ltd,"Edmonton, AB T6W 2W9",7282-Concrete finishers,1
,,Top Star Hitech Ltd,"Calgary, AB T1Y 6Z8",6211-Retail sales supervisors,1
,,TRANSREP AUTOMOTIVES LTD. o/a DYNAMIC AUTOMOTIVE,"EDMONTON, AB T5L 3C9","7321-Automotive service technicians, truck and bus mechanics and mechanical repairers",1
,,Trideck Transport Ltd.,"EDMONTON, AB T6X 2A6",1241-Administrative assistants,1
,,WesTower Communications Ltd.,"Thorsby, AB T0C 2P0",7245-Telecommunications line and cable workers,1
,,Wholistic Health Training & Research Center,"EDMONTON, AB T5K 2J1","1123-Professional occupations in advertising, marketing and public relations",1
,,Yadi Gun Ltd,"Edmonton, AB T6T 0L5",0631-Restaurant and food service managers,1
,   Low Wage,1129630 Alberta Ltd.  o/a Circle K,"EDMONTON, AB T6T 0K9",6211-Retail sales supervisors,2
,,1166820 Alberta Ltd,"Devon, AB T9G 2J4",6322-Cooks,1
,,1179216 Alberta Ltd. o/a The Keg Steakhouse and Bar,"Fort McMurray, AB T9H 1S8",6322-Cooks,1
,,1287180 Alberta Ltd. o/a Downstream Restaurant & Lounge,"JASPER, AB T0E 1E0",6322-Cooks,2
,,1332624 Alberta Ltd.,"EDMONTON, AB T6R 3P2",6311-Food service supervisors,1
,,1362424 Alberta Ltd. o/a JTG Trucking,"CALGARY, AB T3J 4W6",1221-Administrative officers,1
,,1384169 Alberta Ltd. o/a Nisku Esso,"Leduc, AB T9E 7G2",6211-Retail sales supervisors,1
,,1503974 Alberta Ltd. o/a Campbell Park Bottle Depot,"St. Albert, AB T8N 5A3",6316-Other services supervisors,1
,,1544650 Alberta Ltd.,"Grande Prairie, AB T8V 0T8","5254-Program leaders and instructors in recreation, sport and fitness",1
,,1637200 Alberta Ltd,"EDMONTON, AB T6L 3M4",6322-Cooks,1
,,1673585 Alberta Ltd. o/a Lube Town,"Calgary, AB T3J 4J8",6421-Retail salespersons,1
,,1751227 Alberta Ltd.,"Wandering River, AB T0A 3M0",6311-Food service supervisors,1
,,1882644 Alberta Ltd. o/a East Side Mario's,"St. Albert, AB T8N 3L3",6322-Cooks,1
,,1938404 Alberta Inc.,"COCHRANE, AB T4C 2H2",6311-Food service supervisors,1
,,1940981 Alberta Ltd,"GRANDE PRAIRIE, AB T8V 0N2",6311-Food service supervisors,2
,,1956772 AB Ltd.,"Calgary, AB T3J 3K9",6322-Cooks,1
,,1978913 Alberta Ltd. o/a Via Cibo Deerfoot Meadows,"Calgary, AB T2H 0B8",6511-Maîtres d'hôtel and hosts/hostesses,1
,,2012934 Alberta Ltd. o/a Dairy Queen,"Bonnyville, AB T9N 1A4",6311-Food service supervisors,1
,,2093667 Alberta Ltd,"EDMONTON, AB T5J 2X5",6311-Food service supervisors,1
,,,,6322-Cooks,1
,,396725 Alberta Ltd o/a Lewis Estates Car Wash,"EDMONTON, AB T5Z 3E2",6732-Specialized cleaners,2
,,612645 Alberta Ltd.  o/a CTC Golf and Turf,"SPRUCE GROVE, AB T7Y 1C7",8612-Landscaping and grounds maintenance labourers,2
,,905753 Alberta Ltd o/a Holiday Inn Calgary Airport,"Calgary, AB T2E 7T7",6322-Cooks,1
,,A&V Enterprise Ltd. o/a Opa Souvlaki of Greece,"CALGARY, AB T2N 1N4",6311-Food service supervisors,1
,,Accuratus Steel Stud & Framing Inc.,"CALGARY, AB T3P 0B1","7284-Plasterers, drywall installers and finishers and lathers",2
,,Aktas Floors & Interiors Ltd,"Edmonton, AB T5N 3S5",7295-Floor covering installers,1
,,ALSE Tire Sales Ltd.,"EDMONTON, AB T5N 2X3",7535-Other automotive mechanical installers and servicers,3
,,Apna Desi Meat Masala Ltd,"Calgary, AB T3J 3K9","6331-Butchers, meat cutters and fishmongers - retail and wholesale",2
,,Aspen Home Healthcare Products Ltd o/a Homecare & Surgical on Whyte,"Edmonton, AB T5G 0X3",6211-Retail sales supervisors,1
,,Black Diamond Bakery & Cafe Ltd.,"BLACK DIAMOND, AB T0L 0H0",6322-Cooks,1
,,Certified Industrial Hygiene Consulting Ltd.,"CALGARY, AB T2M 0Z5",2211-Chemical technologists and technicians,1
,,Chandigarh Fashion,"Edmonton, AB T6E 5P2",6211-Retail sales supervisors,1
,,,,"6342-Tailors, dressmakers, furriers and milliners",1
,,Dhanju Group Inc.,"EDMONTON, AB T6B 0A5",6513-Food and beverage servers,2
,,Drayton Valley Bottle Depot Ltd.,"DRAYTON VALLEY, AB T7A 1B5","9227-Supervisors, other products manufacturing and assembly",1
,,DSI Food Corporation,"Calgary, AB T1Y 5E2","9213-Supervisors, food, beverage and associated products processing",1
,,Emirate Homes Ltd.,"LANGDON, AB T0J 1X1","7284-Plasterers, drywall installers and finishers and lathers",3
,,Fergus & Bix Restaurant McKenzie Towne Inc,"CALGARY, AB T2Z 0N2",6322-Cooks,1
,,FHR Jasper Operations Corporation,"JASPER, AB T0E 1E0",6322-Cooks,4
,,Flight Express Travel Inc.,"Calgary, AB T2A 7V8","6313-Accommodation, travel, tourism and related services supervisors",1
,,Fusion Cup,"Grande Prairie, AB T8W 0C7",6311-Food service supervisors,1
,,GDI Integrated Facility Services,"Calgary, AB T2G 1W5",6315-Cleaning supervisors,3
,,Goldeye Foundation Society,"Nordegg, AB T0M 2H0","0513-Recreation, sports and fitness program and service directors",1
,,Graham & Lane Florists Ltd,"Edmonton, AB T5J 2Y9",6211-Retail sales supervisors,1
,,Grain of Rice Inc.,"EDMONTON, AB T5T 7C5",6311-Food service supervisors,1
,,GS Cargo Ltd.,"CALGARY, AB T3J 4K5",7514-Delivery and courier service drivers,2
,,K&J Services Inc.,"Sherwood Park, AB T8B 1L3",6211-Retail sales supervisors,2
,,Kosei International Ltd o/a Mikado Restaurant,"Edmonton, AB T6N 1L5",6311-Food service supervisors,1
,,Minit Lube Limited,"Calgary, AB T3C 2G3",6211-Retail sales supervisors,1
,,Namaste Wellness and Day Spa Inc.,"SHERWOOD PARK, AB T8A 3X3",6211-Retail sales supervisors,1
,,Natasha Holdings Ltd,"Edmonton, AB T5E 0Y2",6332-Bakers,1
,,Norenda Group Ltd o/a Chief Mountain Husky,"Cardston, AB T0K 0K0",6211-Retail sales supervisors,1
,,Oh My Dog Spa and Grooming Corp,"EDMONTON, AB T6W 2Z8",6563-Pet groomers and animal care workers,2
,,Petro Canada,"Drayton Valley, AB T7A 1R8",6311-Food service supervisors,1
,,Pizza Hut,"Red Earth Creek, AB T0G 1X0",6731-Light duty cleaners,1
,,Provost Packers Ltd,"Provost, AB T0B 3S0","6331-Butchers, meat cutters and fishmongers - retail and wholesale",1
,,Southwest Chinooks Soccer Association,"CALGARY, AB T2T 3W2",5252-Coaches,1
,,Stone Creek Golf Courses Limited Partnership o/a Silvertip Resort,"Canmore, AB T1W 3J4",6321-Chefs,1
,,Strathmore Drug Store Inc.,"STRATHMORE, AB T1P 1B9",6421-Retail salespersons,1
,,Suha Consulting Services Ltd,"Banff, AB T1L 1C7",6611-Cashiers,2
,,Sundance Lodges Ltd,"KANANASKIS, AB T0L 2H0",6316-Other services supervisors,1
,,Sunview Custom Homes Ltd.,"CALGARY, AB T3K 5G9",1241-Administrative assistants,1
,,The Mat's Diner Inc.,"CALGARY, AB T2N 3P3",1241-Administrative assistants,1
,,Themis Universal Ltd.,"CALGARY, AB T2H 2H9",1241-Administrative assistants,1
,,Total Maintenance Services Inc.,"EDMONTON, AB T6R 1V5",8612-Landscaping and grounds maintenance labourers,2
,,Ulimate Cleaning Services,"Calgary, AB T3M 1C3",6315-Cleaning supervisors,1
,,Unit C Three 73 Inc o/a Pizza 73,"CALGARY, AB T3H 2Z3",6311-Food service supervisors,1
,,Vicky's Bistro/Wine Bar Ltd,"Sherwood Park, AB T8A 4X3",6311-Food service supervisors,1
,,Webb's Machinery (Vermilion) Ltd,"Vermilion, AB T9X 1Z6",9526-Mechanical assemblers and inspectors,1
,,Where the Buffalo Roam Saloon Ltd.,"CANMORE, AB T1W 0C1",6322-Cooks,1
,  Primary Agriculture,Canola Farms Ltd,"Vermillion, AB T9X 1X8",8431-General farm workers,1
,,Lallier Apiaries Inc,"Sturgeon County, AB T8R 0L1",8431-General farm workers,4
,,MCF Holdings Ltd.,"ST. ALBERT, AB T8N 3X4","8252-Agricultural service contractors, farm supervisors and specialized livestock workers",1
,,Tower Farms Ltd.,"SMOKEY LAKE, AB T0A 3C0",8431-General farm workers,1
British Columbia,    High Wage,01186 Trading Inc,"RICHMOND, BC V6X 1T2","7205-Contractors and supervisors, other construction trades, installers, repairers and servicers",1
,,0714576 B.C. Ltd. o/a Ashley Homestore,"COURTENAY, BC V9N 8P1",1241-Administrative assistants,1
,,0740457 BC Ltd,"KAMLOOPS, BC V2C 4A9",6315-Cleaning supervisors,1
,,0758219 BC Ltd.,"KAMLOOPS, BC V2C 3Z6",0632-Accommodation service managers,1
,,0987393 BC Ltd.,"RICHMOND, BC V6X 0M5","6711-Food counter attendants, kitchen helpers and related support occupations",2
,,1075233 BC Ltd.,"Burnaby, BC V5G 3H5",6311-Food service supervisors,1
,,1119390 BC Ltd o/a Kojan Sushi Restaurant,"ABBOTSFORD, BC V2S 2B9",6322-Cooks,1
,,1123114 BC Ltd.,"ABBOTSFORD, BC V4X 2E6",7271-Carpenters,3
,,52 Clean Ltd.,"SURREY, BC V3R 8T4","0651-Managers in customer and personal services, n.e.c.",1
,,681288 B.C. Ltd.,"DELTA, BC V4G 1E2","7321-Automotive service technicians, truck and bus mechanics and mechanical repairers",1
,,A & B Holdings Inc. o/a A&S Meat and Poultry Ltd.,"Surrey, BC V3W 2V3","6331-Butchers, meat cutters and fishmongers - retail and wholesale",2
,,A1 Tech Electric Ltd,"SURREY, BC V3V 7W5",7241-Electricians (except industrial and power system),1
,,All West Facility Services Ltd,"BURNABY, BC V5J 5G6","7384-Other trades and related occupations, n.e.c.",2
,,Allstar Holdings Inc.,"Vancouver, BC V5L 1T5","7384-Other trades and related occupations, n.e.c.",1
,,Aqua-Lung Canada Ltd.,"Saanichton, BC V8M 1Z9","9619-Other labourers in processing, manufacturing and utilities",1
,,AQUAMIST CARPET CARE LTD.,"VICTORIA, BC V8Z 3B8",7271-Carpenters,1
,,AS Transport Company Ltd,"ABBOTSFORD, BC V2T 5J8",1221-Administrative officers,1
,,ATJ Food Limited o/a Domino's Pizza #10029,"RICHMOND, BC V6X 3T3","6711-Food counter attendants, kitchen helpers and related support occupations",2
,,Beatnik & Sons Leather Goods Inc,"KELOWNA, BC V1Y 0B5","0013-Senior managers - financial, communications and other business services",1
,,BFJ Design Ltd.,"VANCOUVER, BC V6E 4S9",0621-Retail and wholesale trade managers,1
,,Big Ben Construction,"Vancouver, BC V5R 5K6",7271-Carpenters,3
,,Brickworks Hospitality Group Limited,"Whistler, BC V0N 1B4",6322-Cooks,2
,,Burnaby Blacktop Ltd.,"BURNABY, BC V5J 3H6",7611-Construction trades helpers and labourers,1
,,Canadian Phytopharmaceuticals Corp.,"Richmond, BC V6W 1K8","9212-Supervisors, petroleum, gas and chemical processing and utilities",1
,,Casa Realty Investments Inc,"COQUITLAM, BC V3J 6N7",0711-Construction managers,1
,,Cementech Industry Inc.,"VANCOUVER, BC V6E 3C9","0015-Senior managers - trade, broadcasting and other services, n.e.c.",1
,,Central Villa Sand & Gravel Ltd,"SURREY, BC V3S 0S3","7302-Contractors and supervisors, heavy equipment operator crews",2
,,Challenger Athletic Apparel Inc,"VANCOUVER, BC V6A 2J1","9217-Supervisors, textile, fabric, fur and leather products processing and manufacturing",2
,,Charlie and Cooper Store Ltd.,"Burnaby, BC V5A 4V7",0621-Retail and wholesale trade managers,1
,,Columbus Meat Market Ltd.,"Vancouver, BC V5L 4T6","1215-Supervisors, supply chain, tracking and scheduling co-ordination occupations",1
,,Convenience Building Maintenance Ltd.,"Richmond, BC V6Y 2T3",0213-Computer and information systems managers,1
,,Corona Gas Ltd.,"SURREY, BC V3S 6K8",7251-Plumbers,6
,,Dhesi Electric Ltd.,"Surrey, BC V3W 1R1",7241-Electricians (except industrial and power system),2
,,Dr. Savita Dhingra Inc.,"SURREY, BC V3V 0C8",1311-Accounting technicians and bookkeepers,1
,,Drs. A Dumalo And C.A. Dumalo Optometric Corp,"NORTH VANCOUVER, BC V7P 3H6",0621-Retail and wholesale trade managers,1
,,Dynamite Concrete Pumping Ltd.,"VANCOUVER, BC V5S 1P8",7611-Construction trades helpers and labourers,2
,,Ecoasis Resort and Golf LLP,"Victoria, BC V9B 6R3",6731-Light duty cleaners,5
,,Ekam Aarav Electric Ltd,"ABBOTSFORD, BC V2T 6V2",7241-Electricians (except industrial and power system),2
,,Elite Paving Ltd.,"SURREY, BC V3W 0M6","0124-Advertising, marketing and public relations managers",1
,,Euro Asia Transload Inc.,"Richmond, BC V6W 0A2",1221-Administrative officers,1
,,,,4163-Business development officers and marketing researchers and consultants,1
,,,,7237-Welders and related machine operators,1
,,Fine Drywall Ltd.,"Surrey, BC V3S 3C3",7271-Carpenters,3
,,Fitplan Technologies Inc,"VANCOUVER, BC V6B 2W9",5241-Graphic designers and illustrators,1
,,G S Framing Ltd.,"SURREY, BC V3V 1K9",7271-Carpenters,1
,,Gold Star Electrical Ltd,"Surrey, BC V3W 4J7",7241-Electricians (except industrial and power system),1
,,Goldline Exteriors Ltd,"Burnaby, BC V5H 1T2",7281-Bricklayers,4
,,Guangson Immigration Group Ltd.,"BURNABY, BC V5H 0G3",5241-Graphic designers and illustrators,1
,,Guru Truck Lines Ltd,"SURREY, BC V3X 2S1",7511-Transport truck drivers,4
,,H&S Insulation Ltd,"SURREY, BC V3W 6X5",1221-Administrative officers,1
,,Ham Building Supplies Ltd,"RICHMOND, BC V6V 2Y6","1215-Supervisors, supply chain, tracking and scheduling co-ordination occupations",1
,,Hans Demolition & Excavating Ltd.,"SURREY, BC V3X 3V5","7252-Steamfitters, pipefitters and sprinkler system installers",1
,,Harni Cleaning Services Ltd.,"BURNABY, BC V5H 2J3",1221-Administrative officers,1
,,Heart Connection Inc o/a Ramen Danbo,"VANCOUVER, BC V6J 1S4",1241-Administrative assistants,1
,,HGE Management Limited Partnership,"VANCOUVER, BC V6B 4P7",1241-Administrative assistants,1
,,High Level Painting & Floors Inc.,"SURREY, BC V4A 2J2","0016-Senior managers - construction, transportation, production and utilities",1
,,Hisar Plumbing and Heating Ltd.,"SURREY, BC V3W 0H1",7611-Construction trades helpers and labourers,2
,,HMTax & Accounting Inc.,"Vancouver, BC V5R 5K6",2282-User support technicians,1
,,HoneyBun Foods Ltd.,"VICTORIA, BC V8T 1P5",0113-Purchasing managers,2
,,Hosic Canada Enterprises Ltd.,"SURREY, BC V3W 5Y1",7271-Carpenters,1
,,I Love Martial Arts Inc,"ABBOTSFORD, BC V2S 6S2","5254-Program leaders and instructors in recreation, sport and fitness",1
,,"Indochina Accounting Services Co., Ltd.","Burnaby, BC V5A 4V7","0013-Senior managers - financial, communications and other business services",1
,,Isidore Landscapes,"Richmond, BC V6V 1M3",2225-Landscape and horticulture technicians and specialists,3
,,J.M.T Auto Solutions,"Surrey, BC V3W 4E7","7321-Automotive service technicians, truck and bus mechanics and mechanical repairers",2
,,J.T. Construction Ltd,"SURREY, BC V3S 2Y5",7611-Construction trades helpers and labourers,2
,,Jajja Trucking Incorporation,"SURREY, BC V3W  1K","7305-Supervisors, motor transport and other ground transit operators",1
,,Jessie Food & Pizza Inc.,"Surrey, BC V3W 1B3",6222-Retail and wholesale buyers,1
,,Jetline Contracting Ltd,"Vancouver, BC V5Y 1P1",7611-Construction trades helpers and labourers,3
,,Jettysoft Ltd.,"Vancouver, BC V5X 1S9",2283-Information systems testing technicians,1
,,Jie Xing Garment Ltd,"Richmond, BC V6V 2R5",0911-Manufacturing managers,1
,,Jindal Appliances Ltd.,"DELTA, BC V4C 6S2","1215-Supervisors, supply chain, tracking and scheduling co-ordination occupations",1
,,JJJ Foods Ltd. dba White Spot Restaurant,"PORT COQUITLAM, BC V3B 7Z1","6711-Food counter attendants, kitchen helpers and related support occupations",2
,,Joy Equipment Rentals Ltd.,"Surrey, BC V3W 9G2",0621-Retail and wholesale trade managers,1
,,"JSL Education Consulting, Vancouver Canada Ltd","VANCOUVER, BC V6B 1L8","0014-Senior managers - health, education, social and community services and membership organizations",1
,,JSS Tile and Stone Inc.,"SURREY, BC V3V 1R5","7204-Contractors and supervisors, carpentry trades",1
,,KingK Transport Ltd.,"SURREY, BC V3W 0Z4","1215-Supervisors, supply chain, tracking and scheduling co-ordination occupations",1
,,Kirat Framing Ltd,"SURREY, BC V3V 1B2",7271-Carpenters,1
,,KML Carrier Ltd,"SURREY, BC V3X 1E8",1311-Accounting technicians and bookkeepers,1
,,L&P Packaging Ltd.,"BURNABY, BC V3N 0E9","1215-Supervisors, supply chain, tracking and scheduling co-ordination occupations",1
,,Lobo Enterprises Inc,"Vancouver, BC V5T 3C9","5131-Producers, directors, choreographers and related occupations",1
,,M P Tires Ltd,"Surrey, BC V3S 1Z9",7535-Other automotive mechanical installers and servicers,2
,,M&M Health Clinic Inc.,"WEST VANCOVUER, BC V7V 1J3","0014-Senior managers - health, education, social and community services and membership organizations",1
,,M.G. Roofing & Siding Ltd,"Surrey, BC V3W 0P1",1311-Accounting technicians and bookkeepers,1
,,,,"7205-Contractors and supervisors, other construction trades, installers, repairers and servicers",1
,,MAD Studio,"Penticton, BC V2A 1H2",2251-Architectural technologists and technicians,1
,,Master Hair Cut & Beauty Parlour Ltd.,"SURREY, BC V3W 3K8",6341-Hairstylists and barbers,1
,,Maxum Automotive Refinishing Ltd,"Kelowna, BC V1Y 7R7",7322-Motor vehicle body repairers,1
,,Metast Resources Inc.,"RICHMOND, BC V6V 1E4",7283-Tilesetters,1
,,Mr. India Meats & Restaurant Ltd,"ABBOTSFORD, BC V2T 1V6",6322-Cooks,2
,,Nanjee Investement Corp,"Coquitlam, BC V3B 5R5",0631-Restaurant and food service managers,1
,,Norewest Pumping Inc.,"Kamloops, BC V2C 6X2",7282-Concrete finishers,2
,,Nuvo Music School Inc.,"SURREY, BC V3Z 0M7",5133-Musicians and singers,1
,,O Canada Drywall Ltd,"Delta, BC V4E 3M9",1311-Accounting technicians and bookkeepers,1
,,Pacific West Tree Service Inc.,"North Vancouver, BC V7K 1Z7",2225-Landscape and horticulture technicians and specialists,1
,,Penpals Montessori Children House Corp.,"VANCOUVER, BC V5P 3V6",1221-Administrative officers,1
,,Perfect Auto & Window Glass Ltd,"Surrey, BC V3W 9G2",1411-General office support workers,1
,,PIM Consulting Ltd.,"VICTORIA, BC V8T 4N4",1122-Professional occupations in business management consulting,1
,,Priceless Hospitality Group Ltd.,"VANCOUVER, BC V6B 5P9",6322-Cooks,1
,,Prince George Veterinary Hospital Ltd,"Prince George, BC V2N 1B1",3114-Veterinarians,1
,,PTP Vancouver Services Inc.,"VANCOUVER, BC V5M 1B8",0621-Retail and wholesale trade managers,1
,,R. Gill Bros Roofing Ltd,"Coquitlam, BC V3K 2K5",7611-Construction trades helpers and labourers,1
,,Ralph Van Woerden Automotive Repair,"CHILLIWACK, BC V2P 1N6","7321-Automotive service technicians, truck and bus mechanics and mechanical repairers",1
,,RC World Ltd,"VANCOUVER, BC V5N 2H3",1311-Accounting technicians and bookkeepers,1
,,Regent Christian Academy Society,"SURREY, BC V3S 2A6",4033-Educational counsellors,1
,,R-Four Contracting Ltd,"Burnaby, BC V3N 2M5",7611-Construction trades helpers and labourers,23
,,River City Woodwork Inc.,"Fernie, BC V0B 1M0",7272-Cabinetmakers,1
,,RSP Enterprise Inc,"SURREY, BC V3R 1M7",0621-Retail and wholesale trade managers,1
,,Saab Electric Ltd.,"SURREY, BC V3R 3V9",7241-Electricians (except industrial and power system),2
,,Sabai Thai Spa Inc.,"PORT COQUITLAM, BC V3B 1A8",3232-Practitioners of natural healing,1
,,Saiish Enterprises Inc.o/a Husky Market,"Delta, BC V4C 6P4",0621-Retail and wholesale trade managers,1
,,Salvation Bioscience Inc.,"NANAIMO, BC V9R 3A3",2211-Chemical technologists and technicians,1
,,Sandliner Trucking Ltd.,"Abbotsford, BC V4X 3R2",7511-Transport truck drivers,6
,,Savary Island Pie Company,"West Vancouver, BC V7V 1H9",6332-Bakers,1
,,ShipConstructor Software Inc.,"VICTORIA, BC V8T 5M3",2173-Software engineers and designers,1
,,Shootbox Media Inc.,"Vancouver, BC V6G 2A9","5131-Producers, directors, choreographers and related occupations",1
,,Slick Spaces Technologies Inc,"Vancouver, BC V6B 2S2","0124-Advertising, marketing and public relations managers",1
,,Smart Touch Drywall Ltd.,"SURREY, BC V3W 2X9","7284-Plasterers, drywall installers and finishers and lathers",2
,,Spa Utopia Vancouver Ltd,"VANCOUVER, BC V6C 3C1",3236-Massage therapists,1
,,Star Delta Electric Ltd,"SURREY, BC V4N 2X2",7241-Electricians (except industrial and power system),2
,,Sterling Immigration Services Inc.,"SURREY, BC V3W 3A8",1241-Administrative assistants,2
,,Sunshine and Lee Enterprises Ltd.,"PORT COQUITLAM, BC V3B 1V2",0621-Retail and wholesale trade managers,1
,,Supreme Travels Ltd,"SURREY, BC V3W 7A8",1221-Administrative officers,1
,,SUTTON ROAD MARKING LTD.,"SURREY, BC V3Z 3X2",7312-Heavy-duty equipment mechanics,1
,,Swift Management Group BC Incorporated,"DELTA, BC V3M 5V8","1215-Supervisors, supply chain, tracking and scheduling co-ordination occupations",1
,,Sylvestre's Flooring Ltd.,"ABBOTSFORD, BC V2S 4P8",7611-Construction trades helpers and labourers,2
,,Taj Tiles & Granite Ltd.,"Burnaby, BC V5J 4G4",7283-Tilesetters,2
,,TGC Financial Group Ltd.,"RICHMOND, BC V7B 0A2","0013-Senior managers - financial, communications and other business services",1
,,,,0714-Facility operation and maintenance managers,1
,,Third Eye Martial Arts Studio Inc.,"Vancouver, BC V6H 1C9","5254-Program leaders and instructors in recreation, sport and fitness",2
,,Three Below Holdings Ltd.,"Whistler, BC V0N 1B4",6322-Cooks,1
,,Tone Fat Enterprises Ltd.,"VICTORIA, BC V8W 1R8",6321-Chefs,1
,,Tsay Keh Dene Band,"PRINCE GEORGE, BC V2M 1G7",4032-Elementary school and kindergarten teachers,1
,,United Agri Systems Canada Inc,"Abbotsford, BC V4X 1V2",7235-Structural metal and platework fabricators and fitters,1
,,United Concrete & Gravel Ltd.,"WILLIAMS LAKE, BC V2G 3P7",7282-Concrete finishers,1
,,UTOP Health Centre Ltd.,"Surrey, BC V3W 2P2",1221-Administrative officers,1
,,VCS Food Services Ltd.,"CHILLIWACK, BC V2P 2M1","6711-Food counter attendants, kitchen helpers and related support occupations",2
,,VICA Lumber and Furniture Limited,"Burnaby, BC V5A 4V7","0016-Senior managers - construction, transportation, production and utilities",1
,,"Vinci Plumbing, Heating and Drainage Ltd.","Surrey, BC V3W 1J4","7203-Contractors and supervisors, pipefitting trades",1
,,Weathersolve Structures Inc,"LANGLEY, BC V4W 1X3",2253-Drafting technologists and technicians,1
,,Westfloors Ltd.,"WEST VANCOUVER, BC V7T 2S6",2241-Electrical and electronics engineering technologists and technicians,1
,,White Diamond Construction Ltd.,"Surrey, BC V3R 3E7",7241-Electricians (except industrial and power system),2
,,Ya-Hsin Enterprise Ltd.,"Richmond, BC V6X 3K1","0015-Senior managers - trade, broadcasting and other services, n.e.c.",1
,   Low Wage,0639503 BC Ltd. o/a Port Hardy Town Pantry,"Campbell River, BC V9H 0B5",6211-Retail sales supervisors,1
,,0758169 BC Ltd. dba M & M Meat Shop,"Abbotsford, BC V3G 1C4",6421-Retail salespersons,1
,,0788191 BC Ltd. o/a Trattoria Italian Kitchen,"Vancouver, BC V6B 1B6",6321-Chefs,1
,,0847939 BC Ltd.,"Delta, BC V4C 2Y8",6513-Food and beverage servers,1
,,0857452 BC Ltd,"SURREY, BC V3V 5Z5",0631-Restaurant and food service managers,1
,,0894546 BC Ltd.  o/a Black + Blue Restaurant,"Vancouver, BC V6B 1B6",6322-Cooks,2
,,0895957 BC Ltd,"CHILLIWACK, BC V2P 1B4",7611-Construction trades helpers and labourers,1
,,0905331 BC Ltd. o/a The Hitching Post Motel,"MOUNT CURRIE, BC V0N 2K0",6312-Executive housekeepers,1
,,0936886 BC Ltd o/a Jiffy Lube,"SURREY, BC V4N 1A6",6211-Retail sales supervisors,1
,,0990126 B.C. Ltd. o/a Pizza 64  #2,"SURREY, BC V4N 1C3",6311-Food service supervisors,1
,,1018533 BC Ltd o/a Hanaya Japanese Restaurant,"SURREY, BC V4P 1G6",6322-Cooks,1
,,1027150 B.C. Ltd.,"West Vancouver, BC V7V 1J3",6322-Cooks,1
,,1119390 BC Ltd o/a Kojan Sushi Restaurant,"ABBOTSFORD, BC V2S 2B9","6711-Food counter attendants, kitchen helpers and related support occupations",1
,,1162133 Alberta Ltd,"Kelowna, BC V1Y 6E7",6322-Cooks,1
,,1164163 BC Ltd.,"SURREY, BC V3S 7S5","6711-Food counter attendants, kitchen helpers and related support occupations",1
,,1169193 BC Ltd.,"SURREY, BC V3V 1W6","6711-Food counter attendants, kitchen helpers and related support occupations",1
,,511407 BC Ltd. o/a Blueberry Esso,"Wonowon, BC V0C 2N0",6211-Retail sales supervisors,1
,,Adara Hotel Owners Management Corporation,"Whistler, BC V0N 1B4","7205-Contractors and supervisors, other construction trades, installers, repairers and servicers",1
,,AL BASHA FALAFEL LTD,"VANCOUVER, BC V6K 2H2",6322-Cooks,1
,,Aldergrove Furniture Warehouse,"Aldergrove, BC V4W 2W8",7271-Carpenters,1
,,Anmol Beverage Enterprise Ltd,"Burnaby, BC V3N 4C1",0631-Restaurant and food service managers,1
,,BNA Eatery & Brewery LP,"Kelowna, BC V1Y 1Z4",6322-Cooks,2
,,BS4U Japanese Restaurant Ltd.  o/a Broadway Station Sushi Restaurant,"Vancouver, BC V5N 1W1",6322-Cooks,1
,,Caribbean Spoon,"SURREY, BC V4N 3G6",6322-Cooks,1
,,CPJ Transport Ltd,"SURREY, BC V3W 3X5",7622-Railway and motor transport labourers,1
,,Crispy Falafel Inc.,"SURREY, BC V4P 1H5",6322-Cooks,1
,,Crystal Cove Beach Resort,"Tofino, BC V0R 2Z0",0632-Accommodation service managers,1
,,Dentastic Cleaning services Inc.,"BURNABY, BC V3N 4T7",1241-Administrative assistants,1
,,Diamond Stacking Co. Ltd,"PITT MEADOWS, BC V3Y 1Z1","9614-Labourers in wood, pulp and paper processing",1
,,Dominion Cigar,"Coquitlam, BC V3K 7A1",6222-Retail and wholesale buyers,1
,,Dr. Bernard Bild Inc.,"VICTORIA, BC V8R 4P8",1414-Receptionists,1
,,Echo Fresh Food Ltd.,"Burnaby, BC V5J 0A3",0621-Retail and wholesale trade managers,1
,,Garcha Bros. Meat Shop Ltd,"Surrey, BC V3W 1R1","6331-Butchers, meat cutters and fishmongers - retail and wholesale",2
,,Gateway Pizza & Curry House,"Abbotsford, BC V2T 4V1",6322-Cooks,1
,,Glowbal Georgia Restaurant Ltd.  o/a Glowbal Restaurant,"Vancouver, BC V6B 1B6",6321-Chefs,1
,,God's Mountain Estate Ltd.  o/a God's Mountain Estate,"PENTICTON, BC V2A 8W4",6321-Chefs,2
,,GoodHome Painting Inc.,"VANCOUVER, BC V6J 2K6",7294-Painters and decorators (except interior decorators),1
,,Hanami Restaurant Ventures Inc.  o/a Hanami,"RICHMOND, BC V7B 1W2",6513-Food and beverage servers,3
,,Hannah's Personalized Services Inc.,"SURREY, BC V3W 0T5",6322-Cooks,2
,,Harinder Dail Notary Corporation,"SURREY, BC V3X 1V8",1242-Legal administrative assistants,1
,,Howe Enterprises Inc,"Kelowna, BC V1Y 6N2",6311-Food service supervisors,2
,,Ice Development Ltd.,"Aldergrove, BC V4W 2Z6",7611-Construction trades helpers and labourers,3
,,IGO Holiday Ltd,"Richmond, BC V6X 3Z7",0621-Retail and wholesale trade managers,1
,,Innovative Manufacturing Inc,"DELTA, BC V3M 5R4",6314-Customer and information services supervisors,1
,,"Jill Glowicki, David Glowicki","Victoria, BC V8W 1X5",6421-Retail salespersons,1
,,Joe Fortes Seafood & Chop House Ltd.,"Vancouver, BC V6E 3V5","6711-Food counter attendants, kitchen helpers and related support occupations",8
,,KBK NO. 145 VENTURES LTD OP,"VANCOUVER, BC V6P 4P2",2231-Civil engineering technologists and technicians,1
,,KIDDY JUNCTION ACADEMY INC,"VANCOUVER, BC V6P 4N2",4214-Early childhood educators and assistants,1
,,Kintetsu International Express Canada Inc,"VANCOUVER, BC V6E 4G1",6521-Travel counsellors,1
,,LA Grill & Bistro,"Richmond, BC V7C 3M3",6322-Cooks,1
,,Liverton Hotels International Inc.,"VANCOUVER, BC V6C 2Y9",6322-Cooks,1
,,Local Pest Control Ltd.,"VANCOUVER, BC V6J 3R7",0125-Other business services managers,1
,,Logos Holdings Ltd. o/a Samsonite Canada Greetings,"Vancouver, BC V6E 1C1",6211-Retail sales supervisors,1
,,Luxe Mink Lash Boutique Inc.,"Vancouver, BC V6Z 1Z5",6211-Retail sales supervisors,1
,,Master Tony Kook's North Shore Taekwondo Inc,"NORTH VANCOUVER, BC V7P 1M6","5254-Program leaders and instructors in recreation, sport and fitness",2
,,MGI Investments Ltd. dba La Terrazza,"Vancouver, BC V6B 6J5",6511-Maîtres d'hôtel and hosts/hostesses,1
,,Mimora Holding Inc,"Vancouver, BC V6G 1C3",6332-Bakers,1
,,Moby Ventures Ltd. o/a Tofino Hostel,"Tofino, BC V0R 2Z0",6315-Cleaning supervisors,1
,,Momo Sushi Japanese Restaurant,"Kelowna, BC V1Y 6N6",6311-Food service supervisors,1
,,Musette Caffe,"Vancouver, BC V6B 2W5",6321-Chefs,1
,,Nando's Chickenland,"Richmond, BC V6Y 1K9","6711-Food counter attendants, kitchen helpers and related support occupations",1
,,Navash Development Inc. o/a Chevron Town Pantry and Triple O's,"Vancouver, BC V5M 2B8","6711-Food counter attendants, kitchen helpers and related support occupations",2
,,New Age Cleaning Ltd.,"SURREY, BC V3T 1K7",6731-Light duty cleaners,3
,,NexGen Hearing (North Vancouver) Inc dba/ NexGen Hearing (North Vancouver) Inc,"Victoria, BC V7L 2L3",1243-Medical administrative assistants,1
,,Nuba Restaurant Group Inc.,"VANCOUVER, BC V6B 1H7",6322-Cooks,1
,,P & J Ventures Ltd,"Williams Lake, BC V2G 1L7",6322-Cooks,1
,,R&C Asian Cuisine Ltd. o/a Woodman Chinese Food,"Chilliwack, BC V2R 0M5",6311-Food service supervisors,1
,,S-8088 Holdings Ltd,"BURNABY, BC V5E 2T4",6732-Specialized cleaners,6
,,Sal y Limon Mexican Cuisine Surrey Ltd,"SURREY, BC V3Z 0C8",0631-Restaurant and food service managers,1
,,Secret Garden Tea Company Incorporated,"VANCOUVER, BC V6M 1W5",6332-Bakers,1
,,Shaw Restaurants Ltd. o/a McDonald's Restaurants,"Powell River, BC V8A 3B7",6311-Food service supervisors,1
,,Spice of India Cuisine,"Kamloops, BC V2B 3H9",6513-Food and beverage servers,1
,,"Stonewater Group of Franchises Ltd.  o/a Mr. Mikes Steakhouse Casual, Terrace, BC","NEW WESTMINSTER, BC V3M 0C4",6322-Cooks,1
,,Super Carpet Gallery & Flooring Outlet Ltd.,"SURREY, BC V3W 5V2",7611-Construction trades helpers and labourers,2
,,Tasty Tandoori Grill Restaurant Ltd.,"Vanderhoof, BC V0J 3A0",0631-Restaurant and food service managers,1
,,Territory Seafoods Ltd.,"Richmond, BC V7C 2C2",9463-Fish and seafood plant workers,3
,,Thai Hang 2 Vietnamese Restaurant Ltd.,"Vancouver, BC V5N 2S9","6711-Food counter attendants, kitchen helpers and related support occupations",1
,,The Brewhouse,"Whistler, BC V0N 1B4",6322-Cooks,2
,,The Wickaninnish Inn Ltd,"Tofino, BC V0R 2Z0",6513-Food and beverage servers,2
,,Thingooder Holdings Ltd.,"SURREY, BC V3R 7Z1","6711-Food counter attendants, kitchen helpers and related support occupations",1
,,VLMS Ventures Ltd. o/a Fresh Slice Pizza,"Vancouver, BC V6Z 2R6",6322-Cooks,1
,,Yuan's Serendipity Cuisine Ltd,"RICHMOND, BC V6X 2C2","6711-Food counter attendants, kitchen helpers and related support occupations",1
,,Zeal Janitor Services Ltd,"Surrey, BC V3W 4J5",6315-Cleaning supervisors,1
,  Primary Agriculture,1094561 B.C. Ltd,"ALDERGROVE, BC V4W 2S2",8431-General farm workers,6
,,1176925 B.C. Ltd,"PENTICTON, BC V0X 1C2",8431-General farm workers,2
,,683713 BC Ltd.,"Delta, BC V4G 1K2",8431-General farm workers,4
,,"Baljit Sivia, Bhupinder Sangha, Sukhdev Sangha, Antpal Sangha","ABBOTSFORD, BC V2T 5M2",8431-General farm workers,30
,,Cold Water Ranch Ltd.,"ABBOTSFORD, BC V2S 8R1","8252-Agricultural service contractors, farm supervisors and specialized livestock workers",2
,,,,8431-General farm workers,4
,,Coral Beach Farms Ltd,"LAKE COUNTRY, BC V4V 1A9","8252-Agricultural service contractors, farm supervisors and specialized livestock workers",4
,,Davistead Farms Ltd,"Langley, BC V0X 1T0",8431-General farm workers,3
,,Floralia Plant Growers Ltd,"Abbotsford, BC V2T 6Z8","8252-Agricultural service contractors, farm supervisors and specialized livestock workers",3
,,Grewal Riverside Farms Ltd.,"ABBOTSFORD, BC V2T 0A4",8431-General farm workers,1
,,J.K. Kang Farm Ltd.,"Surrey, BC V3W 1H7","8252-Agricultural service contractors, farm supervisors and specialized livestock workers",2
,,Jaswinder Singh Malhi,"KELOWNA, BC V1X 7V2","8252-Agricultural service contractors, farm supervisors and specialized livestock workers",1
,,K & R Orchards Ltd,"VERNON, BC V1T 6L2",8431-General farm workers,4
,,M & J Dhaliwal Green Acres Vegetable Farm Ltd,"KAMLOOPS, BC V2H 1T8","8252-Agricultural service contractors, farm supervisors and specialized livestock workers",1
,,Mount Lehman Fruit Growers Ltd,"Abbotsford, BC V2T 6Z5",8431-General farm workers,8
,,PBN Nurseries Ltd.,"ABBOSTFORD, BC V4X 3R2","8252-Agricultural service contractors, farm supervisors and specialized livestock workers",5
,,Quails Gate Vineyard Estate Winery Ltd.,"WEST KELOWNA, BC V1Z 2H3",8431-General farm workers,1
,,Silver Valley Farms Ltd,"Maple Ridge, BC V4R 2R1",8431-General farm workers,33
,,Singla Brothers Holdings Ltd,"Penticton, BC V2A 6N8",8431-General farm workers,2
,,Sky Harvest Inc.,"VANCOUVER, BC V5T 2N6",0822-Managers in horticulture,1
,,Southwest Gardens Supplies Ltd,"BURNABY, BC V5J 3H9",8432-Nursery and greenhouse workers,4
,,Sun City Cherries Ltd.,"Kelowna, BC V1W 4H6",8431-General farm workers,78
,,,,8611-Harvesting labourers,26
,,"West Coast Floral, Growers and Distributors Ltd","SURREY, BC V3Z 9M6","8255-Contractors and supervisors, landscaping, grounds maintenance and horticulture services",1
Yukon,   Low Wage,45006 Yukon Inc. o/a Andrea's Hotel,"Watson Lake, YT Y0A 1C0",6315-Cleaning supervisors,1
Northwest Territories,    High Wage,Tlicho Government,"BEHCHOKO, NT X0E 0Y0",0413-Government managers - education policy development and program administration,1
,   Low Wage,Aurora Village,"Yellowknife, NT X1A 2P4","6313-Accommodation, travel, tourism and related services supervisors",2
,,,,6531-Tour and travel guides,2
,,Behdzi Ahda First Nation,"COLVILLE LAKE, NT X0E 1L0",1431-Accounting and related clerks,1
Employers carrying on business in Canada with Head Office outside of Canada,    High Wage,BOB Industries LLC o/a BOB Industries,"Santa Monica, 90401","5131-Producers, directors, choreographers and related occupations",1
,,Company Films Inc.,"Los Angeles, 90069","5131-Producers, directors, choreographers and related occupations",1
,,Cybersearch Ltd.,"SCHAUMBURG, 60173",2171-Information systems analysts and consultants,1
,,Frozen Man Inc.,"New York, 10011","5131-Producers, directors, choreographers and related occupations",1
,,"Furlined, Inc","Santa Monica, 90404","5131-Producers, directors, choreographers and related occupations",1
,,"Hey Baby Films, LLC","Venice, 90291","5131-Producers, directors, choreographers and related occupations",1
,,Honor Society,"New York, 10012","5131-Producers, directors, choreographers and related occupations",1
,,Iconoclast Content Inc,"Culver City, 90232","5131-Producers, directors, choreographers and related occupations",1
,,Indian Fashion House Ltd,"PRADESH,",0621-Retail and wholesale trade managers,1
,,MJZ,"London, W1F9UE","5131-Producers, directors, choreographers and related occupations",1
,,,"Los Angeles, 90064","5131-Producers, directors, choreographers and related occupations",1
,,"Morton Jankel Zander, Inc","Los Angeles, 90064","5131-Producers, directors, choreographers and related occupations",2
,,"Moxie Pictures, Inc.","LOS ANGELES, 90016","5131-Producers, directors, choreographers and related occupations",1
,,"Park Pictures, LLC","New York, 10010","5131-Producers, directors, choreographers and related occupations",1
,,"Reset Content, LLC dba Reset","Santa Monica, 90404","5131-Producers, directors, choreographers and related occupations",1
,,Ruby Professional Services Ltd,"HO CHI MINH,","0013-Senior managers - financial, communications and other business services",1
,,Sanctuary Content Inc.,"LOS ANGELES, 90034","5131-Producers, directors, choreographers and related occupations",1
,,Slim Pictures Inc.,"Venice, 90291","5131-Producers, directors, choreographers and related occupations",1
,,Stink LLC,"Culver City, 90232","5131-Producers, directors, choreographers and related occupations",1
,,Superprime,"Culver City, 90232","5131-Producers, directors, choreographers and related occupations",2
,,"The Workhouse Worldwide, LLC","Culver City, 90232","5131-Producers, directors, choreographers and related occupations",1
,,Tool of North America LLC,"Santa Monica, 90404","5131-Producers, directors, choreographers and related occupations",2
Notes:,,,,,
1. The source for all information in this report is Employment and Social Development Canada's (ESDC) LMIA System.,,,,,
"2. This list excludes all personal names, such as employers of caregivers or business names that use or include personal names. For this reason, the list is not complete and does not reflect all employers who requested or received an LMIA. Should an employer wish to contact ESDC concerning the accuracy of their information, please contact NA-TFWP-PTET@hrsdc-rhdcc.gc.ca.",,,,,
"3. The employer name is manually entered in system. As such, accuracy of the names is subject to potential data entry error and inconsistent spelling.",,,,,
"4. Effective November 2016, NOC 2011 is being used. Prior to November 2016, all occupations under NOC 2006 were converted to the respective NOC 2011 occupation. Empirical concordance released by Statistics Canada was used to determine appropriate linkages.",,,,,
"5. Effective February 2018, LMIAs in support of Permanent Residence (PR) are excluded from TFWP statistics reporting, unless reported separately. This may impact statistics reported over time.",,,,,
"6. The LMIA System tracks TFW positions only, not TFWs who are issued a work permit or who enter Canada. Not all positions approved result in a work permit or a TFW entering Canada. For information on the number of work permits issued, please consult Immigration Refugees and Citizenship Canada's (IRCC) Facts and Figures: http://www.cic.gc.ca/english/resources/statistics/menu-fact.asp",,,,,
7. The numbers appearing in this release may differ slightly from those reported in previous releases of LMIA statistics due to data updates that occur over time.,,,,,
,,,,,
