"Employers who were issued a negative Labour Market Impact Assessment (LMIA) by stream, National Occupational Classification (NOC) 2011 and business location in 2019 (April-June)",,,,,
Province/Territory,Stream,Employer,Address,Occupation,Requested Positions
Newfoundland and Labrador,   Low Wage,Drover Restaurants Incorporated o/a Wing'n It Bay Roberts,"BAY ROBERTS, NL A0A 1G0",6322-Cooks,1
Prince Edward Island,    High Wage,Belgo Transport Inc.,"GREEN BAY, PE C0A 1Y0",7511-Transport truck drivers,1
,   Low Wage,NK Quality Restoration o/a Paul Davis PEI,"SUMMERSIDE, PE C1N 4J1",7611-Construction trades helpers and labourers,1
,,Ta Ke Sushi,"Charlottetown, PE C1A 4B1",6322-Cooks,1
Nova Scotia,    High Wage,Kingsport Studios Limited  o/a Kingsport Osteopathic Clinic,"KINGSPORT, NS B0P 1H0",3232-Practitioners of natural healing,1
,,Nova Scotia Health Authority,"Halifax, NS B3H 2Y9",4151-Psychologists,1
,,Precision Concrete Services Ltd,"Bedford, NS B4B 1H1",7282-Concrete finishers,2
,,Shining Tree Creative Inc.,"Halifax, NS B3J 2V1","0013-Senior managers - financial, communications and other business services",1
,,Stelia Aéronautique Amérique du Nord Inc,"Lunenburg, NS B0J 2C0",0111-Financial managers,1
,,Topaz Transport Inc.,"BEAVER BANK, NS B4E 3J4",7511-Transport truck drivers,3
,,WestFor Management Inc.,"BRIDGEWATER, NS B4V 2W9","8211-Supervisors, logging and forestry",1
,   Low Wage,7109938 Canada Ltd. o/a First Choice Haircutters,"Fall River, NS B2T 1H7",6341-Hairstylists and barbers,1
,,Bagel Montreal Style Incorporated,"DARTMOUTH, NS B3A 4K9",6332-Bakers,2
,,Buta Ramen Inc.,"HALIFAX, NS B3J 1B3",6322-Cooks,2
,,DB Embroidery Solutions Inc,"Dartmouth, NS B2W 3T9","9442-Weavers, knitters and other fabric making occupations",2
,,Jubilee Road Children's Centre,"HALIFAX, NS B3H 2E8",4214-Early childhood educators and assistants,2
,,Samli Rojsawangthip o/a KajohnThai Restaurant,"HALIFAX, NS B3K 2A4",6322-Cooks,5
,  Primary Agriculture,Basinview Farms Ltd,"CANNING, NS B0P 1H0",8611-Harvesting labourers,2
New Brunswick,    High Wage,682364 NB Inc. o/a Lee's Mini Mart,"FREDERICTON, NB E3B 8P4",0621-Retail and wholesale trade managers,1
,,"J.D. Irving, Limited","SAINT JOHN, NB E2L 4M3",8241-Logging machinery operators,6
,,UTRADE Inc.,"MONCTON, NB E1C 5W1","1215-Supervisors, supply chain, tracking and scheduling co-ordination occupations",1
,   Low Wage,Bathurst Pizza Ltd.,"CARAQUET, NB E1W 1B7",6311-Food service supervisors,1
,,Bouctouche Bay Inn Inc.,"Bouctouche, NB E4S 2T5",6322-Cooks,1
,,JJ Food & Diner Inc.,"SACKVILLE, NB E4L 3N6",6322-Cooks,1
,,Truleigh Country Manor,"MONCTON, NB E1G 2X1","3413-Nurse aides, orderlies and patient service associates",1
Quebec,    High Wage,9345-5210 Québec Inc,"MONTRÉAL, QC H4R 1J9",0631-Restaurant and food service managers,1
,,A Quinta,"MONTRÉAL, QC H2K 1T6",6321-Chefs,1
,,A. & R. Belley Inc.,"SHERBROOKE, QC J1K 2B3","1215-Supervisors, supply chain, tracking and scheduling co-ordination occupations",1
,,Aeronav  Inc.,"Pointe-Claire, QC H9R 4T7",6221-Technical sales specialists - wholesale trade,1
,,Design Galleria inc.,"MONTRÉAL, QC H1R 1B3",7272-Cabinetmakers,1
,,M.P.B. Communications Inc.,"POINTE-CLAIRE, QC H9R 1E9",2241-Electrical and electronics engineering technologists and technicians,1
,   Low Wage,GDG Environnement Ltée,"TROIS-RIVIÈRES, QC G8T 6H3",2221-Biological technologists and technicians,1
,,La Pizzeria Dorval Express,"DORVAL, QC H9S 3H3",6322-Cooks,1
,,Vocadémie communauté culturel,"MONTRÉAL, QC H4E 1N9",6531-Tour and travel guides,1
,  Primary Agriculture,Ferme Miri SENC.,"Saint-Ubalde, QC G0A 4L0",8431-General farm workers,1
, Global Talent Stream,9367-2079 Québec inc,"MONTRÉAL, QC H2T 2S5",2173-Software engineers and designers,1
Ontario,    High Wage,1095980 B.C. Ltd. o/a Cadence Health Centre,"TORONTO, ON M5T 2C2",3112-General practitioners and family physicians,3
,,1166552 Ontario Inc. o/a Pioneer Cruises,"NORTH YORK, ON M3J 3K6",1226-Conference and event planners,4
,,,,6411-Sales and account representatives - wholesale trade (non-technical),3
,,1407407 Ontario Ltd o/a Astra Healthcare,"Brampton, ON L6S 0C9",6221-Technical sales specialists - wholesale trade,1
,,1559585 Ontario Inc.  o/a Penusa Import,"MARKHAM, ON L3R 8E8",6222-Retail and wholesale buyers,1
,,1655789 Ontario Inc,"TORONTO, ON M6A 2T9",0631-Restaurant and food service managers,1
,,1835601 Ontario Ltd,"Mississauga, ON L5M 4Z5","0651-Managers in customer and personal services, n.e.c.",1
,,2212425 Ontario Inc.,"MINDEN HILLS, ON K0M 2K0",0632-Accommodation service managers,1
,,2228977 Ontario Inc.,"Guelph, ON N1H 6H7","9411-Machine operators, mineral and metal processing",2
,,2307403 Ontario Inc O/A Kirat Trucking,"CAMBRIDGE, ON N1T 2H8",7511-Transport truck drivers,2
,,2334271 Ontario Lmited o/a TVAPE,"TORONTO, ON M8X 1Y9",0113-Purchasing managers,1
,,2368834 ONTARIO INC. o/a TJ TRANSPORT,"Brampton, ON L6P 2K4","1215-Supervisors, supply chain, tracking and scheduling co-ordination occupations",1
,,2431836 Ontario Ltd. o/a NOMAD at Hinterbrook Estate Winery,"Niagara on the lake, ON L0S 1J0",6211-Retail sales supervisors,1
,,2434560 Ontario Inc.  o/a Culinary Stars,"BRAMPTON, ON L6W 3G2",6322-Cooks,1
,,2451118 Ontario Inc.  o/a Diplomat Motor Inn,"Niagara Falls, ON L2G 3Y2","6313-Accommodation, travel, tourism and related services supervisors",1
,,2672452 Ontario Ltd.,"TORONTO, ON M5J 2Y5","0015-Senior managers - trade, broadcasting and other services, n.e.c.",1
,,6738532 Canada Inc. o/a I.T.S.,"BRAMPTON, ON L6W 1K5",7511-Transport truck drivers,1
,,6818935 Canada Inc. (o/a Thai Siam Thai Cuisine),"Oakville, ON L6H 4L1",6322-Cooks,2
,,9078789 Canada Inc. o/a Designer Upholstery,"MISSISSAUGA, ON L5L 5R2",1221-Administrative officers,1
,,ABF Agency Inc.,"Mississauga, ON L4V 1X6","1211-Supervisors, general office and administrative support workers",1
,,,,2283-Information systems testing technicians,1
,,ADB Safegate Canada Inc.,"BURLINGTON, ON L7N 3G2",2241-Electrical and electronics engineering technologists and technicians,1
,,All Truck Lube and Wash Ltd.,"BRAMPTON, ON L6W 1L4",7312-Heavy-duty equipment mechanics,1
,,Amberson Education Group Inc. o/a Amberson High School,"Toronto, ON M1W 2S7",2175-Web designers and developers,1
,,Animals Inc.,"TORONTO, ON M6J 2R9","5131-Producers, directors, choreographers and related occupations",3
,,Arivir-Canada Corp.,"SCARBOROUGH, ON M1P 2S3","0016-Senior managers - construction, transportation, production and utilities",1
,,AST Stone,"Toronto, ON M6M 4B8",7271-Carpenters,1
,,AXIA DESIGN ASSOCIATES INC.,"TORONTO, ON M6P 3V6",2151-Architects,1
,,B Negative LLC,"SCARBOROUGH, ON M1N 4B5","5131-Producers, directors, choreographers and related occupations",3
,,Best Choice Express & Delivery Ltd,"Kleinburg, ON L0J 1C0","1215-Supervisors, supply chain, tracking and scheduling co-ordination occupations",1
,,Better Bath by Design Inc.,"KINGSTON, ON K7K 6C7",7283-Tilesetters,1
,,Big Gold Brick Productions Inc,"TORONTO, ON M4M  2S",5222-Film and video camera operators,1
,,Built By Pros Inc.,"CONCORD, ON L4K 4E9","7204-Contractors and supervisors, carpentry trades",1
,,Canadian Pie Inc.,"ETOBICOKE, ON M9V 3Y7",2171-Information systems analysts and consultants,1
,,Canadian Tube Tooling Co. Ltd.,"MISSISSAUGA, ON L5T 2K7",7232-Tool and die makers,1
,,Carterm Intermodal Logistics,"Mississauga, ON L4T 3C4",1122-Professional occupations in business management consulting,1
,,Casselman Medical Centre Inc.,"CASSELMAN, ON K0A 1M0",3112-General practitioners and family physicians,1
,,CDS Cambridge Drywall Services,"Cambridge, ON N1T 2K8",7271-Carpenters,3
,,,,"7284-Plasterers, drywall installers and finishers and lathers",4
,,Centum Fairtrust Financial Group Inc.,"MISSISSAUGA, ON L4W 2Z6",1221-Administrative officers,1
,,COMPLETE OPTICAL INC,"Mississauga, ON L4Y 4H4",1243-Medical administrative assistants,1
,,Cristin Tile & Marble Ltd.,"TOTTENHAM, ON L0G 1W0",7283-Tilesetters,1
,,Dasmesh Transport Inc,"BRAMPTON, ON L6Y 5G6",7511-Transport truck drivers,1
,,Digital Media Academy of Canada (DMAC),"TORONTO, ON M6B 1P5","0124-Advertising, marketing and public relations managers",1
,,DiPaolo Machine Tools Ltd.,"Mississauga, ON L5S 1K6",0911-Manufacturing managers,1
,,Durock Electric Inc.,"BRAMPTON, ON L6S 3R2",7241-Electricians (except industrial and power system),1
,,Eastway Contracting Inc,"PEMBROKE, ON K8A 6X8",2131-Civil engineers,1
,,Eddies Meat Products Distribution Inc,"Mississauga, ON L4X 1M4","6331-Butchers, meat cutters and fishmongers - retail and wholesale",2
,,Edelcon Inc.  o/a The French Oven,"MISSISSAUGA, ON L4W 1G7",1241-Administrative assistants,1
,,Edlajdo Construction Ltd.,"MISSISSAUGA, ON L8Y 2Z1",7292-Glaziers,1
,,Envision Realty Inc.,"TORONTO, ON M4M 1S2",0125-Other business services managers,1
,,First Refrigeration Engineering Ltd,"SCARBOROUGH, ON M1X 1A7",1241-Administrative assistants,1
,,Golden Arch Inc.,"NORTH YORK, ON M2N 3W9",7271-Carpenters,1
,,Good Fellow's Auto Wholesaler,"Oro-Medonte, ON L0L 2L0",1225-Purchasing agents and officers,1
,,Good Vibrations Disc Jockey Services Ltd.,"WOODBRIDGE, ON L4H 0J2",5225-Audio and video recording technicians,1
,,Hamati Roofing Ltd.,"Toronto, ON M2P 1S8",7291-Roofers and shinglers,1
,,Highland Evergreen Supply Ltd.,"MISSISSAUGA, ON L5T 1N8",0621-Retail and wholesale trade managers,1
,,Infinity Vision Optical Inc.,"RICHMOND HILL, ON L4C 8S7",1241-Administrative assistants,1
,,Insultech Insulation Products Inc.,"BRAMPTON, ON L6T 1C1",7333-Electrical mechanics,1
,,International Paper Converters Limited,"CONCORD, ON L4K 2G1",7381-Printing press operators,1
,,,,"9215-Supervisors, forest products processing",1
,,J.A.W. Drugs Ltd.,"Oshawa, ON L1G 7Z9",3132-Dietitians and nutritionists,1
,,KJL Enterprises Ltd.,"TORONTO, ON M3J 2T2",7283-Tilesetters,1
,,Lamplighter Inns (London) Limited,"LONDON, ON N6A 1R8",6525-Hotel front desk clerks,1
,,Linkglobal Food,"Richmond Hill, ON L4B 1L5",1222-Executive assistants,1
,,Mercury Tax,"Mississauga, ON L5T 2G5","0124-Advertising, marketing and public relations managers",1
,,Merinos Carpet Inc.,"MISSISSAUGA, ON L5T 1V9",0601-Corporate sales managers,1
,,Moss Psychology Professional Corporation,"CONSECON, ON K0K 1T0",4151-Psychologists,1
,,NARCIS INNOVATIONS INC.,"Toronto, ON M2N 7E9","0013-Senior managers - financial, communications and other business services",1
,,Neptune Security Services Inc. Canada,"Mississauga, ON L5K 2R8",4163-Business development officers and marketing researchers and consultants,1
,,New Best Truck Repair & Tire Ltd.,"GEORGETOWN, ON L7G 4S6","7321-Automotive service technicians, truck and bus mechanics and mechanical repairers",1
,,New Concepts Trading Inc.,"Mississauga, ON L5B 2X7",1221-Administrative officers,1
,,,,1311-Accounting technicians and bookkeepers,1
,,NO PROBLEM MOVERS LTD,"MISSISSAUGA, ON L4W 2K8",1241-Administrative assistants,1
,,NW Northwood Developments Inc.,"Pickering, ON L1W 1Z9","7284-Plasterers, drywall installers and finishers and lathers",1
,,OPC TV Inc.,"TORONTO, ON M5A 2N4","5131-Producers, directors, choreographers and related occupations",1
,,Phoenix Software Inc .,"MISSISSAUGA, ON L4W 4L5",2174-Computer programmers and interactive media developers,1
,,Radke Films Ltd,"TORONTO, ON M5A 2N4","5131-Producers, directors, choreographers and related occupations",2
,,Rea Investments Limited. O/A Rea Construction,"North York, ON M9M 2Y6",2174-Computer programmers and interactive media developers,1
,,Ren De Inc.,"MISSISSAUGA, ON L5L 5M5",6222-Retail and wholesale buyers,1
,,Resonance Ltd,"BARRIE, ON L4N 9V9",2111-Physicists and astronomers,1
,,Rush Construction Ltd,"TORONTO, ON M3J 2T2",7271-Carpenters,1
,,Sangoma Technologies Inc.,"Markham, ON L3R 9R6",2173-Software engineers and designers,1
,,Save Max Real Estate Inc.,"MISSISSAUGA, ON L6N 7Y2",1122-Professional occupations in business management consulting,1
,,Sequoia Content International Ltd,"Toronto, ON M5B 2E7","5131-Producers, directors, choreographers and related occupations",1
,,Sky Ride Transport Inc.,"BRAMPTON, ON L6W 3G2",7511-Transport truck drivers,2
,,"Soft Citizen, Inc","TORONTO, ON M5A 2N4","5131-Producers, directors, choreographers and related occupations",1
,,Southern Cross Plumbing Inc,"Toronto, ON M1E 5C8",7251-Plumbers,2
,,SR RESEARCH LTD.,"MISSISSAUGA, ON L5J 1B5",2172-Database analysts and data administrators,1
,,Starsky Fine Foods Inc.,"Mississauga, ON L5L 3R8",6211-Retail sales supervisors,1
,,Steam Films Inc.,"TORONTO, ON M5A 2N4","5131-Producers, directors, choreographers and related occupations",2
,,Suneeva Ltd.,"Toronto, ON M5B 2E7","5131-Producers, directors, choreographers and related occupations",7
,,Tartu College,"Toronto, ON M5S 1W4",6211-Retail sales supervisors,1
,,Thousand Sunny Corp. o/a Coco Fresh Tea & Juice,"WOODBRIDGE, ON L4H 3W6",6311-Food service supervisors,1
,,Trans Domi Corporation,"MISSISSAUGA, ON L5N 6T6",7283-Tilesetters,1
,,Transnomis Solutions Inc.,"TORONTO, ON M3B 3J5",2174-Computer programmers and interactive media developers,1
,,TUCC INC.,"TORONTO, ON M5A 0A1",3112-General practitioners and family physicians,1
,,University of Guelph,"GUELPH, ON N1G 2W1",4011-University professors and lecturers,1
,,V4U Logistic Inc,"CALEDON, ON L7C 2T1","0016-Senior managers - construction, transportation, production and utilities",1
,,VAL/MAR Construction Inc.,"Scarborough, ON M1K 2X4",2281-Computer network technicians,1
,,VERICO The Financial Forum Ltd.,"VAUGHN, ON L4L 8S9",1242-Legal administrative assistants,1
,,Vista Stair and Handrail Ltd.,"Markham, ON L3R 1E3","1215-Supervisors, supply chain, tracking and scheduling co-ordination occupations",1
,,Warden Promotion Inc.,"Markham, ON L3R 0M3","1123-Professional occupations in advertising, marketing and public relations",1
,,WFS Transport Ltd.,"MILTON, ON L9T 9E6",1221-Administrative officers,1
,,Xi Digital Corp,"CONCORD, ON L4K 3P9","1123-Professional occupations in advertising, marketing and public relations",1
,,Zaneen Group Inc.,"Toronto, ON M6B 1V9","5243-Theatre, fashion, exhibit and other creative designers",1
,,Zetra Enterprises Inc.,"Maple, ON L4L 6X4","7302-Contractors and supervisors, heavy equipment operator crews",1
,   Low Wage,1060436 Ontario Limited o/a Serano Bakery,"TORONTO, ON M4K 3T5",6332-Bakers,1
,,1166552 Ontario Inc. o/a Pioneer Cruises,"NORTH YORK, ON M3J 3K6",6322-Cooks,9
,,1226709 Ontario Inc. O/A Aman Furniture MFG,"ETOBICOKE, ON M9W 4N9",6345-Upholsterers,1
,,2095151 Ontario Inc.,"Brampton, ON L6T 4X1",2211-Chemical technologists and technicians,1
,,2095498 Ontario Inc,"KANATA, ON K2L 4B4","6562-Estheticians, electrologists and related occupations",5
,,2188692 Ontario Inc,"Brampton, ON L6P 2R2",6322-Cooks,2
,,2237923 Ontario Inc.  o/a Las Delicias,"MISSISSAUGA, ON L5B 1H7",6322-Cooks,1
,,2260369 Ont. Inc o/a East Side Mario's,"MISSISSAUGA, ON L4Z 3V6",0631-Restaurant and food service managers,1
,,2284194 Ontario Inc. o/a Fortress Construction & Management Group,"ETOBICOKE, ON M9W 6S9",1241-Administrative assistants,1
,,2468765 Ontario Incorporated o/a Active Green+Ross,"RICHMOND HILL, ON L4E 0N9",6211-Retail sales supervisors,1
,,2469120 Ontario Inc.,"BARRIE, ON L4N 9E8",0631-Restaurant and food service managers,1
,,2508051 Ontario Inc. o/a Bengla Sweets,"Brampton, ON L6X 5E9",6322-Cooks,2
,,2582186 ONTARIO LIMITED o/a Maiz,"TORONTO, ON M6A 0B6",6322-Cooks,1
,,7974850 Canada Inc. o/a Safety Solutions,"MISSISSAUGA, ON L5T 2L9",1241-Administrative assistants,1
,,832069 Ontario Limited o/a Tim Hortons,"CHATHAM, ON N7M 3G2",6311-Food service supervisors,6
,,844898 ONTARIO LIMITED o/a HIGH CLASS CLEANERS,"CONCORD, ON L4K 5X8",6316-Other services supervisors,1
,,9144242 Canada Inc. o/a Ideal Window and Door,"SCARBOROUGH, ON M1B 2Y8",7231-Machinists and machining and tooling inspectors,1
,,9311521 Canada Limited o/a Safari Kid Markham,"RICHMOND HILL, ON L4C 9B5",4214-Early childhood educators and assistants,1
,,9900101 Canada Incorporated,"OTTAWA, ON K1P 5H8",6311-Food service supervisors,1
,,ABF Agency Inc.,"Mississauga, ON L4V 1X6",7237-Welders and related machine operators,1
,,Alte-Rego Corporation,"ETOBICOKE, ON M9W 5H4",9422-Plastics processing machine operators,5
,,Black and Yellow Pavement Inc.,"KITCHENER, ON N2A 3R1",7611-Construction trades helpers and labourers,3
,,Brothers Social Eatery Inc. o/a Church's Chicken,"SCARBOROUGH, ON L6R 2T3",6322-Cooks,3
,,Chung's Taekwondo Academy Inc.,"Richmond Hill, ON L4C 3G7","5254-Program leaders and instructors in recreation, sport and fitness",1
,,Comal Y Canela Inc.  o/a Comal Y CanelaCocina Mexicana Tradicional,"YORK, ON M9N 2S4",6321-Chefs,1
,,Cusack's Hospitality Ltd.,"SUDBURY, ON P3A 5N4",6322-Cooks,1
,,Dorothea Knitting Mills Limited,"TORONTO, ON M2M 3X8","9445-Fabric, fur and leather cutters",1
,,Extreme Auto Image Inc.,"SCARBOROUGH, ON M1C 1E6",7535-Other automotive mechanical installers and servicers,1
,,Gagan Sweets Factory Ltd.,"WOODBRIDGE, ON L4L 9C9",6311-Food service supervisors,1
,,Giorgio Armani Canada Corporation,"Mississauga, ON L5T 2W6",6211-Retail sales supervisors,1
,,Grand Empire Banquet & Convention Centre Ltd.,"BRAMPTON, ON L6P 2K9",6322-Cooks,1
,,Greenworks Land Inc.,"MISSISSAUGA, ON L5B 0E9",7294-Painters and decorators (except interior decorators),1
,,Hanmoto Inc.,"Toronto, ON M6J 3B1",6321-Chefs,1
,,Jasmin PharmaCure Inc.,"BURLINGTOPN, ON L7L 0B7",3414-Other assisting occupations in support of health services,1
,,JSM Corperation (Ontario) Ltd.,"TORONTO, ON M4M 1Y8",1224-Property administrators,1
,,Kal-Trading Inc.,"MISSISSAUGA, ON L5C 1W4","9214-Supervisors, plastic and rubber products manufacturing",1
,,Karara The Indian Takeout Inc.,"Nepean, ON K2G 7B4",6322-Cooks,1
,,LP Landscape Plus Inc.,"ARISS, ON N0B 1B0",8612-Landscaping and grounds maintenance labourers,4
,,Meest Entertainment Inc.,"Toronto, ON M8Z 4E4",6322-Cooks,1
,,Ng's Cuisine,"OTTAWA, ON K2E 5P3",6321-Chefs,1
,,Sagar Indian Cuisine Inc.,"CARLETON PLACE, ON K7C 2V7",6322-Cooks,1
,,Santouka Kamei Canada Foods Ltd.,"Toronto, ON M4S 2A2",6311-Food service supervisors,1
,,,,6322-Cooks,2
,,Savocris Inc. o/a Mezza Notte Trattoria Thornhill,"THORNHILL, ON L4J 0A7",6322-Cooks,1
,,Smart Doors Inc.,"CONCORD, ON L4K 2L8",7332-Appliance servicers and repairers,1
,,The Crystal Ladder Learning Centre,"VAUGHAN, ON L4L 0C4",3132-Dietitians and nutritionists,1
,,The Excel Group 2001 Inc.,"VAUGHAN, ON L4K 1R3",7271-Carpenters,2
,,Two Bay Enterprizes Limited,"MOOSONEE, ON P0L 1Y0",6611-Cashiers,2
,,Wenmar Automotive Inc.,"CONCORD, ON L4K 2B9",7322-Motor vehicle body repairers,1
,,Wolfe Exteriors Inc.,"MISSISSUAGA, ON L4W 4N9",7271-Carpenters,2
,,Yo Amo Tacos Inc.,"TORONTO, ON M3J 2T2",6321-Chefs,2
,  Primary Agriculture,Burm Farms Ltd,"Wallaceburg, ON N8A 4L3",8431-General farm workers,2
,,Gillette Farms Inc,"EMBRUN, ON K0A 1W0",8431-General farm workers,4
,,Hillside Hothouse Ltd,"Ruthven, ON N0P 2G0",8432-Nursery and greenhouse workers,1
,,Weth Mushrooms Inc,"Goderich, ON N7A 3X8",8431-General farm workers,2
, Global Talent Stream,Botsford IT Consulting Corp.,"Mississauga, ON L4T 0A7",2171-Information systems analysts and consultants,1
,,iSteer Inc,"TORONTO, ON M5G 1Z3",2171-Information systems analysts and consultants,1
,,Mentor Tech Source Inc.,"MARKHAM, ON L3R 6H3",2171-Information systems analysts and consultants,1
Manitoba,    High Wage,7471921 Manitoba Ltd. o/a Blazers Mini Mart,"Minnedosa, MB R0J 1E0",0621-Retail and wholesale trade managers,1
,,,,6222-Retail and wholesale buyers,1
,,7527421 MANITOBA INC.,"Pine Falls, MB R0E 1M0",0621-Retail and wholesale trade managers,1
,,,,6211-Retail sales supervisors,1
,,Aikam Logistics Inc,"WINNIPEG, MB R3E 1G6",1311-Accounting technicians and bookkeepers,1
,,Circle T Transport Inc.,"Steinbach, MB R5G 1L5",7511-Transport truck drivers,2
,,MMP Architects Inc.,"Winnipeg, MB R3B 0R3",1241-Administrative assistants,1
,,Speedy Singh Logistics Inc.,"WINNIPEG, MB R2C 4P3",1525-Dispatchers,3
,   Low Wage,3881785 Manitoba Ltd,"STEINBACH, MB R5G 0Z1",7513-Taxi and limousine drivers and chauffeurs,5
,,7374021 Manitoba Ltd.,"PETERSFIELD, MB R0C 2L0",6611-Cashiers,1
,,7381337 Manitoba Ltd.,"WINNIPEG, MB R3R 1L9",6311-Food service supervisors,1
,,A.A. Miracle Janitor Service Co. (2001) Ltd.,"WINNIPEG, MB R2X 2X4","6733-Janitors, caretakers and building superintendents",2
,,DeLuca's Specialty foods cooking school and restaurant Ltd.,"OAK BLUFF, MB R0G 1N0",6322-Cooks,2
,,Falcon Lake Resort Hotel Inc.,"WINNIPEG, MB R2G 1L4",6322-Cooks,1
,,IFR Enterprises Ltd,"PORTAGE LA PRAIRIE, MB R1N 0L6",6611-Cashiers,1
,,Parvati Restaurant Ltd.o/a The Chilli Chutney,"Brandon, MB R7B 3P8",6322-Cooks,1
,,Solid Foundations Montessori School Inc.,"WINNIPEG, MB R2G 1J4",4214-Early childhood educators and assistants,3
,,St. Peter's Roman Catholic Church,"WINNIPEG, MB R2X 2X8",4021-College and other vocational instructors,1
,  Primary Agriculture,Strategic Agriculture Management Co.,"WINNIPEG, MB R3Y 1Y1","8252-Agricultural service contractors, farm supervisors and specialized livestock workers",6
,,Unger Air Farms Inc,"STEINBACH, MB R5G 1M8",8431-General farm workers,2
Saskatchewan,    High Wage,102014436 Saskatchewan Ltd,"SASKATOON, SK S7L 6R7",7312-Heavy-duty equipment mechanics,1
,,,,7511-Transport truck drivers,2
,   Low Wage,101172015 Sask. Ltd.,"Emerald Park, SK S4L 1B6","6711-Food counter attendants, kitchen helpers and related support occupations",3
,,101200574 Saskatchewan Ltd. o/a Maple Creek Motor Inn,"MAPLE CREEK, SK S0N 1N0",6731-Light duty cleaners,1
,,101279889 Saskatchewan Ltd. o/a Delhi Chaat,"SASKATOON, SK S7K 5C7",6322-Cooks,1
,,Rawhides Bistro & Saloon Inc.,"Stenen, SK S0A 3X0",6513-Food and beverage servers,4
,,Star House Enterprises Ltd. o/a Star House Family Restaurant,"Prince Albert, SK S6V 5G1",6311-Food service supervisors,1
,,Weyburn Circle 6 Motel Inc.,"Weyburn, SK S4H 2H5",6315-Cleaning supervisors,1
,  Primary Agriculture,Barrich Farms (1994) Ltd,"OUTLOOK, SK S0L 2N0","8252-Agricultural service contractors, farm supervisors and specialized livestock workers",2
Alberta,    High Wage,1207320 Alberta Ltd,"Calgary, AB T3J 0J1",7511-Transport truck drivers,5
,,1385993 Alberta Inc.RainAWaySystems,"Edmonton, AB T6C 0N4","7284-Plasterers, drywall installers and finishers and lathers",1
,,1397372 Alberta Inc.,"Calgary, AB T2Z 3W4",7322-Motor vehicle body repairers,1
,,1453496 Alberta Ltd. o/a F.A.C.T. Services,"COUNTY OF GP NO. 1, AB T8W 0H2",3237-Other technical occupations in therapy and assessment,1
,,2025526 Alberta Inc o/a Iconic Ventures,"CALGARY, AB T3J 5C8",0711-Construction managers,1
,,,,1224-Property administrators,1
,,2127309 ALBERTA INC.,"CALGARY, AB T2V 1B1","0651-Managers in customer and personal services, n.e.c.",1
,,767647 Alberta Ltd o/a Victory Tile,"Calgary, AB T2J 3V5",7283-Tilesetters,1
,,Addi Transport INC.,"EDMONTON, AB T5Z 0H6",7511-Transport truck drivers,1
,,Alberta Veterinary Center (Red Deer),"RED DEER, AB T4S 0K6",2221-Biological technologists and technicians,1
,,Bal Wood Working Ltd.,"EDMONTON, AB T6T 2C4",7271-Carpenters,1
,,Baytek Interiors Inc,"EDMONTON, AB T5M 3C5","7284-Plasterers, drywall installers and finishers and lathers",1
,,Canadian Rockies Rafting Co Ltd.,"CANMORE, AB T1W 2T8","1211-Supervisors, general office and administrative support workers",1
,,Certified Industrial Hygiene Consulting Ltd.,"CALGARY, AB T2M 0Z5",2211-Chemical technologists and technicians,1
,,Cogent Transport Inc,"CALGARY, AB T3J 5K4","7305-Supervisors, motor transport and other ground transit operators",1
,,Ensteel Industries Ltd,"Calgary, AB T2C 4L7",9416-Metalworking and forging machine operators,1
,,H.O. Flooring Services Ltd.,"Edmonton, AB T5P 0P2",7295-Floor covering installers,3
,,HSN Technology Corporation,"CALGARY, AB T3J 1M7",2281-Computer network technicians,1
,,Lallian Trucking Ltd,"EDMONTON, AB T6T 0L3","1215-Supervisors, supply chain, tracking and scheduling co-ordination occupations",1
,,,,7511-Transport truck drivers,1
,,MFAF Forming Ltd,"Rocky View, AB T1X 0H2",7282-Concrete finishers,6
,,Millennium Oilflow Systems & Technology Inc,"Leduc, AB T9E 7C9",7231-Machinists and machining and tooling inspectors,1
,,Nassa Excavating Ltd.,"Calgary, AB T1Y 2W8",7521-Heavy equipment operators (except crane),2
,,Peak Logistics 2008 Ltd.,"Rocky View, AB T1X 0V9",7511-Transport truck drivers,10
,,Raja Ram Ltd,"EDMONTON, AB T6T 0P8",7511-Transport truck drivers,3
,,Rigman Technology Co. Ltd.,"CALGARY, AB T2L 2K7","0016-Senior managers - construction, transportation, production and utilities",1
,,Sekhon MG Transport Ltd.,"EDMONTON, AB T6E 5V8",1221-Administrative officers,1
,,Silversprings Golf and Country Club,"Calgary, AB T3B 2W9",0631-Restaurant and food service managers,1
,,Summerlea International Care Home Inc,"Edmonton, AB T5T 1V6","4412-Home support workers, housekeepers and related occupations",1
,,Town of Blackfalds,"BLACKFALDS, AB T0M 0J0","0513-Recreation, sports and fitness program and service directors",1
,,Tribes Group of Industries Ltd.,"Edmonton, AB T6E 5P2",2175-Web designers and developers,1
,,Welcome Inn Ltd,"SWAN HILLS, AB T0G 2C0","6313-Accommodation, travel, tourism and related services supervisors",1
,,WesTower Communications Ltd.,"Thorsby, AB T0C 2P0",7245-Telecommunications line and cable workers,1
,,Year Round Landscaping Inc.,"Rocky View, AB T4A 0E2",7282-Concrete finishers,1
,,Zinaida Flooring Ltd.,"CALGARY, AB T3K 2B2",1241-Administrative assistants,1
,   Low Wage,1092192 Alberta Ltd o/a Dairy Queen Okotoks,"Okotoks, AB T1S 1Z6",6311-Food service supervisors,2
,,1128981 Alberta Ltd,"Fort Macleod, AB T0L 0Z0",6611-Cashiers,2
,,1294947 Alberta Ltd. operating multiple businessess,"Edmonton, AB T6E 2A4",6322-Cooks,1
,,1327382 Alberta Ltd.  o/a Tapas Restaurant,"CANMORE, AB T1W 2A2",6322-Cooks,1
,,1478090 Alberta Ltd o/a Sargent Liquor Store,"St Albert, AB T8N 6B9",6211-Retail sales supervisors,1
,,1493256 Alberta Ltd,"CALGARY, AB T2A 4L8",7612-Other trades helpers and labourers,1
,,1496160 Alberta Ltd.,"Milk River, AB T0K 1M0","6622-Store shelf stockers, clerks and order fillers",1
,,1502675 Alberta Ltd o/a Cafe Mediterranean,"Calgary, AB T2R 0T8",6322-Cooks,1
,,1586622 Alberta Ltd o/a Villa Firenze,"Calgary, AB T2E 0B6",6322-Cooks,1
,,,,6332-Bakers,1
,,1667045 Alberta Ltd o/a Waves Coffee House,"Edmonton, AB T6M 0M8",6311-Food service supervisors,1
,,1684070 Alberta Ltd,"EDMONTON, AB T6T 2C8",7511-Transport truck drivers,2
,,1692850 Alberta Ltd. o/a Taco Time,"Edmonton, AB T5C 3C8",6311-Food service supervisors,1
,,1759338 Alberta Ltd o/a Papa John's Pizza,"RED DEER, AB T4P 0Z4",6311-Food service supervisors,1
,,1781679 Alberta Ltd,"Edmonton, AB T6E 4E4",0631-Restaurant and food service managers,1
,,1810725 Alberta Ltd,"PEACE RIVER, AB T8S 1R7",6322-Cooks,2
,,1825399 Alberta Inc.,"CALGARY, AB T3K 1K5",6211-Retail sales supervisors,1
,,1879057 Alberta Ltd,"EDMONTON, AB T5E 2T2",6311-Food service supervisors,1
,,,,6322-Cooks,2
,,1908100 Alberta Ltd. o/a Rundle Mountain Lodge,"Canmore, AB T1W 1L7","6313-Accommodation, travel, tourism and related services supervisors",1
,,1926679 Alberta Ltd. o/a Circle K,"Sylvan Lake, AB T4S 2M2","6711-Food counter attendants, kitchen helpers and related support occupations",2
,,1945332 Alberta Ltd,"EDMONTON, AB T6X 2C3",6311-Food service supervisors,2
,,1958740 Alberta Inc. o/a Opa! of Greece,"ROCKY VIEW COUNTY, AB T1Z 0A3",6311-Food service supervisors,1
,,1984455 Alberta Ltd,"CALGARY, AB T3M 2E2",6311-Food service supervisors,1
,,2020803 Alberta Ltd,"EDMONTON, AB T6X 0N4",6322-Cooks,1
,,2097918 Alberta Ltd.,"EDMONTON, AB T6R 0T8",6322-Cooks,2
,,2110153 Alberta Ltd o/a Duggan Car Wash,"Edmonton, AB T6W 2W9",6732-Specialized cleaners,1
,,298007 Alberta Ltd.,"BLACK DIAMOND, AB T0L 0H0",6322-Cooks,3
,,396725 Alberta Ltd o/a Lewis Estates Car Wash,"EDMONTON, AB T5Z 3E2",6315-Cleaning supervisors,1
,,496303 Alberta Ltd,"ONOWAY, AB T0E 1V0",6322-Cooks,1
,,618635 Alberta Ltd,"CALGARY, AB T2K 0S8",6311-Food service supervisors,1
,,7204884 Canada Inc o/a Mobilinq,"GRAND PRAIRIE, AB T8V 3Y2",6211-Retail sales supervisors,1
,,743313 Alberta Ltd o/a Panago Pizza,"BEAUMONT, AB T4X 1T9",6322-Cooks,2
,,7-Eleven Canada Inc.  o/a 7-Eleven Store,"CALGARY, AB T2Y 1W1",6211-Retail sales supervisors,1
,,Alberta West Transport Ltd.,"GRANDE PRAIRIE, AB T8X 1L7",7535-Other automotive mechanical installers and servicers,1
,,Aman Brar Cleaning Ltd.,"CALGARY, AB T3J 4S8",6731-Light duty cleaners,3
,,Apex Distribution Inc.,"CALGARY, AB T2P 2Y3",1311-Accounting technicians and bookkeepers,1
,,ASAR Group of Companies Inc.,"Calgary, AB T2Z 3S7",6211-Retail sales supervisors,1
,,Ayvio Enterprises Inc.,"CALGARY, AB T1Y 5A5",6321-Chefs,1
,,Bamboo Garden Ltd,"Banff, AB T1L 1C7",6311-Food service supervisors,1
,,Canada Mat Inc,"EDMONTON, AB T6N 1B2",1521-Shippers and receivers,1
,,Canadian Scenery Travel Inc.,"BANFF, AB T1L 1A4","6313-Accommodation, travel, tourism and related services supervisors",1
,,Canmore Wen Inc.,"Calgary, AB T3Z 3L5","6711-Food counter attendants, kitchen helpers and related support occupations",2
,,Chinese Flavor Restaurant,"Fort McMurray, AB T9K 1S6",6311-Food service supervisors,1
,,Complete Automotive Radiator Supplies Ltd.,"EDMONTON, AB T6E 3P1",1521-Shippers and receivers,1
,,Daniel & Rose Holdings Inc.,"CALGARY, AB T3H 3B7",6311-Food service supervisors,1
,,Dashmesh Trucking,"SHERWOOD PARK, AB T8B 1C9",1241-Administrative assistants,1
,,DC Groceries Inc.,"Calgary, AB T3J 3M7",6211-Retail sales supervisors,1
,,DCL Construction Services Ltd,"CALGARY, AB T2E 2M7","7284-Plasterers, drywall installers and finishers and lathers",1
,,Deol Transport Ltd.,"Edmonton, AB T6X 1K9",7511-Transport truck drivers,2
,,Design Jewellers Ltd.,"Edmonton, AB T5T 3J7","5243-Theatre, fashion, exhibit and other creative designers",1
,,DK Cleaning Services Ltd,"CALGARY, AB T3J 3W9",6731-Light duty cleaners,3
,,Dunmore Liquor Ltd.,"MEDICINE HAT, AB T1B 2H2",6211-Retail sales supervisors,1
,,Engineered Air Division of Airtex Manufacturing,"Calgary, AB T2G 4C8","9619-Other labourers in processing, manufacturing and utilities",10
,,Evershine Homes Ltd.,"CALGARY, AB T3J 0J2",6315-Cleaning supervisors,1
,,Fluent Home Ltd,"EDMONTON, AB T6E 4B9",6411-Sales and account representatives - wholesale trade (non-technical),6
,,Georgetown Hospitality Inc,"Canmore, AB T1W 1N4",6315-Cleaning supervisors,1
,,Grenoble Development Investments Ltd.O/A David Thompson Resort,"CALGARY, AB T3H 0Y9",6322-Cooks,1
,,Guru Road Carriers Ltd.,"Calgary, AB T3J 5J2",7511-Transport truck drivers,4
,,H & S Enterprises Inc,"CALGARY, AB T2E 6W5",0631-Restaurant and food service managers,1
,,H&J Cleaning Corp,"CALGARY, AB T3N 0C8",6315-Cleaning supervisors,1
,,Hiep Thanh Trading Ltd,"Edmonton, AB T5H 2N9","6331-Butchers, meat cutters and fishmongers - retail and wholesale",1
,,Images of the North,"Banff, AB T1L 1B1",6421-Retail salespersons,1
,,Imagine Wireless Inc,"Calgary, AB T3E 0C3",0621-Retail and wholesale trade managers,1
,,Inglewood Child Learning Centre Ltd,"EDMONTON, AB T5M 0K4",4214-Early childhood educators and assistants,1
,,InstaClean Inc.,"EDMONTON, AB T5A 3K1",6732-Specialized cleaners,1
,,J.S.J.V. Holdings Ltd,"FORT MCMURRAY, AB T3Z 3T5",6311-Food service supervisors,1
,,Jerusalem Shawarma and Bakery Inc,"CALGARY, AB T3K 5P4",6311-Food service supervisors,1
,,KAFT Professional Corporation o/a KAFT CPA,"COLD LAKE, AB T9M 1P4",1311-Accounting technicians and bookkeepers,1
,,Kinjo Sushi & Grill Ltd,"Calgary, AB T3A 5R8",6511-Maîtres d'hôtel and hosts/hostesses,2
,,KRC Properties Inc.,"Edmonton, AB T6J 5H2",6315-Cleaning supervisors,1
,,KT Franklin Ltd.,"Fort McMurray, AB T9H 2J4","6711-Food counter attendants, kitchen helpers and related support occupations",2
,,Little India,"Calgary, AB T3A 5Z7",6322-Cooks,2
,,Lucy's Sweets Ltd. o/a Hazeldean Bakery,"Edmonton, AB T6E 0M2",6332-Bakers,1
,,Luna Authentic Vietnamese Cuisine Corp.,"Cochrane, AB T4C 0K3",6322-Cooks,1
,,Maks Lawn Care & Cleaning Alberta Ltd,"CALGARY, AB T3K 2C6","6733-Janitors, caretakers and building superintendents",1
,,Manila Grill Restaurant Ltd.,"EDMONTON, AB T5S 2H7",6311-Food service supervisors,2
,,Martin Mortor Sports / MMD Sales Ltd,"EDMONTON, AB T5S 2L7",6421-Retail salespersons,1
,,Matador Pizza & Spaghetti House Ltd,"Calgary, AB T3A 0Z9",6322-Cooks,2
,,Milltech Millwork Ltd.,"Edmonton, AB T5L 4K2",7272-Cabinetmakers,2
,,Mirdip Ltd,"GRAND PRAIRIE, AB T8V 7X4",6322-Cooks,1
,,My Beauty Concepts Inc,"Edmonton, AB T6L 6S9","6562-Estheticians, electrologists and related occupations",1
,,Naveen Powerwash Inc,"CALGARY, AB T3M 2E7",7612-Other trades helpers and labourers,1
,,Nikko Sushi Ltd.,"BROOKS, AB T1R 1B8",0631-Restaurant and food service managers,1
,,NR Janitorial Inc.,"Calgary, AB T2Y 3N9",6315-Cleaning supervisors,1
,,Oriental Grill Vietnamese Cuisine,"CALGARY, AB T2J 0N3",6311-Food service supervisors,1
,,Paina Ventures Inc.,"CALGARY, AB T3N 0M7",6311-Food service supervisors,2
,,Paul Singh Professional Corporation o/a Edmonton Vision Centre,"Edmonton, AB T6L 7E8",1241-Administrative assistants,1
,,People's Trucking Ltd,"Nisku, AB T9E 8T3",7612-Other trades helpers and labourers,1
,,Pho Chu The Inc,"Calgary, AB T2G 0A6",6511-Maîtres d'hôtel and hosts/hostesses,1
,,Rimrock Resort Hotel Corporation,"Banff, AB T1L 1J2",6731-Light duty cleaners,2
,,Rocky Mountain Show Jumping Ltd.,"CALGARY, AB T2Y 2Z7",8431-General farm workers,3
,,Rueon Thai Restaurant Ltd,"Red Deer, AB T4N 4K8",6322-Cooks,1
,,Sai Cleaning Services Ltd.,"Edmonton, AB T6T 1X8",6731-Light duty cleaners,2
,,Scotsman's Well,"Calgary, AB T3J 0A3",6322-Cooks,2
,,Sehjalson Trucking Ltd.,"EDMONTON, AB T6L 5L1",1241-Administrative assistants,1
,,Selina Pan Professional Corporation,"Calgary, AB T2E 1L7",1311-Accounting technicians and bookkeepers,1
,,Seoul House Ltd,"Westlock, AB T7P 2H6",6611-Cashiers,1
,,Shaganappi Plaza Ltd.,"Calgary, AB T2N 3R1",6315-Cleaning supervisors,1
,,Shawarmaji Ltd.,"EDMONTON, AB T6E 6S4",6322-Cooks,2
,,Sherwood Park Bottle Depot Ltd.,"EDMONTON, AB T6X 0A9",6211-Retail sales supervisors,1
,,SSC Enterprises Ltd.,"HIGH PRAIRIE, AB T0G 1E0",6621-Service station attendants,1
,,Subway,"Lac La Biche, AB T0A 2C1",6311-Food service supervisors,1
,,Subway Sandwiches And Salads,"Edson, AB T7E 1T8",6311-Food service supervisors,1
,,Sukhvir Karan Enterprises Ltd.,"Lethbridge, AB T1J 0C1",6322-Cooks,2
,,Super Star Plumbing and Heating Ltd,"CALGARY, AB T3R 0N3",7251-Plumbers,1
,,Sushi Ichiban (Macleod) Ltd. o/a Sushi Ichiban,"Calgary, AB T2G 2R7",6311-Food service supervisors,1
,,Sylvan Backhoe Inc.,"RED DEER COUNTY, AB T4E 2M7",8612-Landscaping and grounds maintenance labourers,1
,,Thind Sales Corp,"EDMONTON, AB T6L 5H1",6211-Retail sales supervisors,1
,,Tiffin On 50th Ltd.,"EDMONTON, AB T6X 1A4",6311-Food service supervisors,1
,,Vietnamese Garden Restaurant Ltd,"Red Deer, AB T4N 6V9",6513-Food and beverage servers,1
,,Viva Deli Inc.,"RED DEER, AB T4N 4M2","9213-Supervisors, food, beverage and associated products processing",1
,,Westwinds Car Wash Ltd,"Calgary, AB T3J 5H3",6315-Cleaning supervisors,1
,  Primary Agriculture,Cheslen Dairies Ltd,"STURGEON COUNTY, AB T8T 0N8","8252-Agricultural service contractors, farm supervisors and specialized livestock workers",1
,,Herradura Farms Ltd,"De Winton, AB T0L 0X0","8252-Agricultural service contractors, farm supervisors and specialized livestock workers",1
,,Rio Frio Ranch Ltd,"Okotoks, AB T1S 1A9",8432-Nursery and greenhouse workers,1
British Columbia,    High Wage,0902042 BC Ltd o/a Wings Tap and Grill,"Langley, BC V3A 4C7",0631-Restaurant and food service managers,1
,,0957857 BC Ltd.  o/a West - Rich Auto Services,"Richmond, BC V7C 1J8","7321-Automotive service technicians, truck and bus mechanics and mechanical repairers",1
,,1062566 BC Ltd.  o/a Grab N Go Convenience,"NANAIMO, BC V9T  4B",0621-Retail and wholesale trade managers,1
,,1063217 BC ltd o/a Luxe Chinese Seafood Restaurant,"Langley, BC V2Y 1A5",6321-Chefs,1
,,1103867 B.C. Ltd.,"RICHMOND, BC V6X 1X7","0124-Advertising, marketing and public relations managers",1
,,1158245 BC Ltd,"MAPLE RIDGE, BC V2W 0H7",6341-Hairstylists and barbers,1
,,1945808 Alberta Inc o/a Pureways Property Services (Pureways Inc.),"KELOWNA, BC V1Y 6E4","0651-Managers in customer and personal services, n.e.c.",1
,,A Deep Stucco Ltd.,"SURREY, BC V3V 2H4",1221-Administrative officers,1
,,A Plus Automotive Ltd,"North Vancouver, BC V7P 1B5",6552-Other customer and information services representatives,1
,,Abbotsford Nissan Ltd.,"ABBOTSFORD, BC V2T 5M1","7321-Automotive service technicians, truck and bus mechanics and mechanical repairers",1
,,Acadia Commercial Interiors Ltd.,"Surrey, BC V3W 1B3",7272-Cabinetmakers,1
,,Accipiter Construction Corp,"SURREY, BC V3H 2H2",0712-Home building and renovation managers,1
,,Accura Plastering Ltd,"SURREY, BC V4N 4P5","7284-Plasterers, drywall installers and finishers and lathers",1
,,Acme Glass Ltd.,"SURREY, BC V3W 0A6",1411-General office support workers,1
,,Alexis Creek Store Ltd.,"ALEXIS CREEK, BC V0L 1A0",0621-Retail and wholesale trade managers,1
,,Alpha Box Trading Limited,"DELTA, BC V4C 4C2","1215-Supervisors, supply chain, tracking and scheduling co-ordination occupations",1
,,,,1311-Accounting technicians and bookkeepers,1
,,Anet Fiber Tech Inc.,"SURREY, BC V3W 1W1",0131-Telecommunication carriers managers,1
,,,,1222-Executive assistants,1
,,Anmol Beverage Enterprise (#3) Ltd,"VANCOUVER, BC V6C 3L0","6711-Food counter attendants, kitchen helpers and related support occupations",2
,,Aquatrans Distributors Inc.,"SURREY, BC V3S 5A5","1215-Supervisors, supply chain, tracking and scheduling co-ordination occupations",1
,,Archway Construction Ltd.,"Burnaby, BC V5J 3J1",1221-Administrative officers,1
,,Aurora Helicopters Ltd,"VERNON, BC V1H 1N5","2271-Air pilots, flight engineers and flying instructors",1
,,B Dhaliwal Gardening & Landscaping Ltd,"SURREY, BC V3X 2E2",8612-Landscaping and grounds maintenance labourers,2
,,B.C Furnace Service Ltd.,"COQUITLAM, BC V3K 0A7","0015-Senior managers - trade, broadcasting and other services, n.e.c.",1
,,,,7313-Refrigeration and air conditioning mechanics,1
,,Bae & Cho Holding Ltd.,"VANCOUVER, BC V6H 2V2",6321-Chefs,2
,,Bajaj Trading Co. Ltd. o/a Ocean Park Pizza & Steakhouse,"Langley, BC V1M 2Y5",6311-Food service supervisors,1
,,,,6322-Cooks,2
,,Barn Nork Restaurant Ltd,"MOUNT CURRIE, BC V0N 2K0",6322-Cooks,2
,,Beanworks Solutions Inc.,"Vancouver, BC V6B 1T3",2282-User support technicians,1
,,Best Auto Body & Paint Ltd.,"Surrey, BC V3W 4E6",7237-Welders and related machine operators,2
,,Best Built Homes Ltd.,"SURREY, BC V3S 1R4",1241-Administrative assistants,1
,,Blue Pacific Drywall Limited,"Surrey, BC V3W 1R1","7205-Contractors and supervisors, other construction trades, installers, repairers and servicers",4
,,Boss Electric Ltd,"SURREY, BC V3T 4M8","7202-Contractors and supervisors, electrical trades and telecommunications occupations",1
,,,,7241-Electricians (except industrial and power system),2
,,Bowtie Tech Corp,"Osoyoos, BC V0H 1V2",7312-Heavy-duty equipment mechanics,1
,,Build Up Construction Ltd,"Surrey, BC V3V 1A6",7271-Carpenters,4
,,Canada Starlight Education Group Corp.,"BURNABY, BC V5H 4T9",4163-Business development officers and marketing researchers and consultants,1
,,Canada Tabloid Media Inc,"SURREY, BC V3X 0H2","0124-Advertising, marketing and public relations managers",1
,,Chubby Brothers Caulking,"SURREY, BC V3T 5E7","7384-Other trades and related occupations, n.e.c.",1
,,Clinical Sleep Soloutions Inc,"VANCOUVER, BC V5J 5B9",1431-Accounting and related clerks,1
,,Creston Cab Company Inc.,"CASTLEGAR, BC V1N 4X4",1525-Dispatchers,2
,,CWC Immigration Solutions Inc.,"SURREY, BC V3W 2V7",0601-Corporate sales managers,1
,,Desired Construction Ltd.,"SURREY, BC V3T 3J3",7271-Carpenters,1
,,DMCN Security Services Ltd,"COQUITLAM, BC V3K 4Z5",2242-Electronic service technicians (household and business equipment),1
,,DN Framing Limited,"SURREY, BC V3S 7V8",7611-Construction trades helpers and labourers,1
,,Earthworks Recycling Inc.,"PORT COQUITLAM, BC V3C 6P4","1123-Professional occupations in advertising, marketing and public relations",1
,,East West Plumbing 2007 Ltd.,"VANCOUVER, BC V5P 3T9",1225-Purchasing agents and officers,1
,,ET Music Therapy,"NORTH VANCOUVER, BC V7L 2M7",3144-Other professional occupations in therapy and assessment,1
,,Euro Asia Transload Inc.,"Richmond, BC V6W 0A2","7321-Automotive service technicians, truck and bus mechanics and mechanical repairers",1
,,Everwin Trading Inc.,"RICHMOND, BC V6X 3P7","0015-Senior managers - trade, broadcasting and other services, n.e.c.",1
,,Exquisite Lawn and Landscaping Ltd.,"KELOWNA, BC V1Y 9N9","8255-Contractors and supervisors, landscaping, grounds maintenance and horticulture services",1
,,EZ Enterprise Open Source Corp.,"Vancouver, BC V5K 2L2",2175-Web designers and developers,1
,,FIVE ARROWS CONSTRUCTION LTD.,"ABBOTSFORD, BC V2J 5J5","7302-Contractors and supervisors, heavy equipment operator crews",1
,,G&K Excavation & Demolition Services Ltd.,"Richmond, BC V6V 1H9",1241-Administrative assistants,1
,,,,7371-Crane operators,1
,,,,7511-Transport truck drivers,3
,,G.A.M. Shoes & Repair Ltd,"MAPLE RIDGE, BC V2X 2V5",6343-Shoe repairers and shoemakers,1
,,Gill Electric Co. Ltd,"SURREY, BC V4B 3S6",7241-Electricians (except industrial and power system),2
,,GM Resorts LP,"North Vancouver, BC V7R 4K9","7302-Contractors and supervisors, heavy equipment operator crews",1
,,Grant Transport Inc,"Langley, BC V3A 8C8","7321-Automotive service technicians, truck and bus mechanics and mechanical repairers",1
,,H.R. Won Entertainment Corp.  o/a Seh-Mi Japanese Restaurant,"LANGLEY, BC V3A 4E4",6321-Chefs,1
,,HI-MARK DRYWALL (2011) LTD.,"SURREY, BC V3T 3X9","1215-Supervisors, supply chain, tracking and scheduling co-ordination occupations",5
,,Huang 1 Enterprises Ltd,"VANCOUVER, BC V5T 1G7",0631-Restaurant and food service managers,1
,,Hummingbird Micro Homes Ltd.,"FERNIE, BC V0B 1M5","0124-Advertising, marketing and public relations managers",1
,,Ideal Foods Inc,"Victoria, BC V8P 5P5","6711-Food counter attendants, kitchen helpers and related support occupations",1
,,Intact Immigration Services Ltd.,"Surrey, BC V3W 3N4",1241-Administrative assistants,1
,,JHL CONTRACTORS LTD,"SURREY, BC V3X 0B2","8252-Agricultural service contractors, farm supervisors and specialized livestock workers",2
,,Josan Rebar Services Ltd.,"DELTA, BC V4C 3L3",7237-Welders and related machine operators,1
,,Kerr Construction Inc.,"Vancouver, BC V6P 6G2",7271-Carpenters,1
,,Keytechs Software Innovation & Solutions Limited,"SURREY, BC V3S 1V1",0112-Human resources managers,1
,,Khosa Construction Ltd.,"SURREY, BC V3V 6R4",7291-Roofers and shinglers,1
,,KTL Transport Inc,"Richmond, BC V6W 0A2",7511-Transport truck drivers,5
,,Lin Heung Restaurant,"VICTORIA, BC V8P 1N4",6311-Food service supervisors,1
,,Livecare Health Canada Inc.  o/a Livecare,"Surrey, BC V3V 0C6",1242-Legal administrative assistants,1
,,LM Diesels Truck & Trailer Repair Ltd,"SURREY, BC V3W 0R5","7321-Automotive service technicians, truck and bus mechanics and mechanical repairers",2
,,Lo-Cost Auto Repairs Ltd.,"Richmond, BC V6X 2J2",0621-Retail and wholesale trade managers,1
,,Macropus Global Ltd.,"VICTORIA, BC V8N 1A4",4021-College and other vocational instructors,1
,,Main Stucco Ltd.,"VANCOUVER, BC V5X 2C5","7284-Plasterers, drywall installers and finishers and lathers",2
,,Maple Leaf Disposal Ltd.,"LANGLEY, BC V3A 5E7",7312-Heavy-duty equipment mechanics,1
,,Mega Excavation Ltd.,"KELOWNA, BC V1W 4N2","7205-Contractors and supervisors, other construction trades, installers, repairers and servicers",2
,,Mexicanadian Amigos Restaurants Inc.,"WHITE ROCK, BC V4B 1K6",0631-Restaurant and food service managers,1
,,Morgan Creek Family Chiropractic Inc.,"SURREY, BC V3Z 0R7",3236-Massage therapists,1
,,Nanjee Investement Corp,"Coquitlam, BC V3B 5R5",6311-Food service supervisors,1
,,Nationwide Natural Foods (2000) Inc.,"Delta, BC V4G 1H8","1215-Supervisors, supply chain, tracking and scheduling co-ordination occupations",1
,,Nebula Supply Chain Ltd,"MISSION, BC V2V 7R7",7511-Transport truck drivers,5
,,Neel-Co Builders (2014) Ltd.,"CHILLIWACK, BC V2R 4A9",7271-Carpenters,6
,,New Novelty Restaurant and Sweets (2005) Ltd.,"Vancouver, BC V5X 3T6",1241-Administrative assistants,1
,,New View Drywall Ltd,"SURREY, BC V3W 2J2","7204-Contractors and supervisors, carpentry trades",1
,,Norquip Services Ltd.,"BURNABY, BC V5J 1P1",7246-Telecommunications installation and repair workers,1
,,Novax Tile Ltd.,"Coquitlam, BC V3B 0C8",7611-Construction trades helpers and labourers,1
,,Orbit Carpet Ltd,"Surrey, BC V3W 8J9",6211-Retail sales supervisors,1
,,Pawsh Dog Spa Inc.,"Vancouver, BC V6B 1M7","0651-Managers in customer and personal services, n.e.c.",1
,,PRIME BUILDING MAINTENANCE LTD,"Richmond, BC V6V 1Z4",6315-Cleaning supervisors,2
,,,,"6733-Janitors, caretakers and building superintendents",2
,,Project 143000 Investments Ltd,"COQUITLAM, BC V3K 6R2","7302-Contractors and supervisors, heavy equipment operator crews",1
,,Quality Drafting Company Ltd.,"PARKSVILLE, BC V9P 2H7",2253-Drafting technologists and technicians,1
,,R K Pizza Inc.,"DELTA, BC V4E 2V6",6311-Food service supervisors,1
,,Ralph Van Woerden Automotive Repair,"CHILLIWACK, BC V2P 1N6","7321-Automotive service technicians, truck and bus mechanics and mechanical repairers",1
,,Rapid West Coast Constructors Ltd.,"PORT COQUITLAM, BC V3C 4K9",7271-Carpenters,7
,,Reliable Granite & Marble Finishing Ltd.,"RICHMOND, BC V6V 2M1",1111-Financial auditors and accountants,1
,,Rocket Transport Inc.,"Abbotsford, BC V2T 5L4","1215-Supervisors, supply chain, tracking and scheduling co-ordination occupations",1
,,Rocky's Concrete Soil Technology Inc,"NORTH VANCOUVER, BC V7P 2N6",7312-Heavy-duty equipment mechanics,1
,,Royal Truck Repair Ltd,"SURREY, BC V3X 2H5",7237-Welders and related machine operators,1
,,RTCT Transport Ltd,"Surrey, BC V3S 0Y9",7511-Transport truck drivers,5
,,Sangha Insulated Doors Ltd.,"Surrey, BC V3S 7A4",7452-Material handlers,1
,,Sedoli Holdings Ltd.,"Vancouver, BC V6B 4W4",1221-Administrative officers,1
,,Sheema Food & Caterers Ltd o/a Kairali Village Restaurant,"SURREY, BC V3W 3E9",6311-Food service supervisors,1
,,Sky High Plumbing & Heating Ltd.,"DELTA, BC V4C 6H2",7251-Plumbers,1
,,Skyrise Construction Ltd.,"SURREY, BC V4N 0R5",7271-Carpenters,1
,,,,"7284-Plasterers, drywall installers and finishers and lathers",1
,,Smart Wireless Solutions Ltd.,"ABBOTSFORD, BC V3L 3B9",1221-Administrative officers,1
,,,,2242-Electronic service technicians (household and business equipment),1
,,South Asian Broadcasting Corporation Inc.,"SURREY, BC V3W 4G1",5121-Authors and writers,2
,,Splendor Construction Ltd.,"SURREY, BC V3S 3J3",7271-Carpenters,2
,,Stitches Creation Inc.,"Burnaby, BC V5J 5K4","1123-Professional occupations in advertising, marketing and public relations",1
,,Sukh Hair and Beauty Salon,"Surrey, BC V3W 4E1",6341-Hairstylists and barbers,2
,,Sulak Enterprises Ltd.,"SURREY, BC V3X 3K1",6316-Other services supervisors,1
,,Talpa BC Construction,"SURREY, BC V3S 1K4",7271-Carpenters,1
,,"The Board of Education, School District No. 74","Ashcroft, BC V0K 1A0",4031-Secondary school teachers,1
,,Third Estates Ltd. (dba) Columbia Hotel,"Vancouver, BC V6A 2R7","6733-Janitors, caretakers and building superintendents",1
,,T-Square Holdings Inc.,"SHAWNIGAN LAKE, BC V0R 2W3",7441-Residential and commercial installers and servicers,1
,,Universal Plumbing & Heating Ltd.,"SURREY, BC V3V 7W3","7203-Contractors and supervisors, pipefitting trades",2
,,UvanU International,"Vancouver, BC V6B 4W4",1221-Administrative officers,1
,,Vancouver Home Maintenance Ltd.,"NORTH VANCOUVER, BC V7P 1V7",7441-Residential and commercial installers and servicers,1
,,Vanpeople Network Ltd.,"Richmond, BC V6X 2W9",0601-Corporate sales managers,1
,,VANTECHS COMPUTERS LTD,"NORTH VANCOUVER, BC V7P 3A2",2282-User support technicians,1
,,Venture Auto Parts Trading Inc,"Abbotsford, BC V2S 1G7",0601-Corporate sales managers,1
,,Waterman's Marketing Inc.,"VANCOUVER, BC V5M 3G9","1215-Supervisors, supply chain, tracking and scheduling co-ordination occupations",1
,,Watertight Boatworks,"North Vancouver, BC V7P 3H9",9531-Boat assemblers and inspectors,1
,,Zippo Stone Ltd.,"Richmond, BC V6X 1V4",7281-Bricklayers,2
,,Zorba's Bakery and Foods Ltd.,"VANCOUVER, BC V7X 1J5","1123-Professional occupations in advertising, marketing and public relations",1
,   Low Wage,0652339 BC Ltd. (dba) Round Table Pizza & India Cuisine,"RICHMOND, BC V6Y 3Y8",0631-Restaurant and food service managers,1
,,0724135 BC Ltd.,"SQUAMISH, BC V0N 1T0","6711-Food counter attendants, kitchen helpers and related support occupations",2
,,0805693 BC Ltd.,"RADIUM HOT SPRINGS, BC V0A 1M0","6711-Food counter attendants, kitchen helpers and related support occupations",2
,,0816132 BC Ltd.,"Kelowna, BC V1V 1S1",6311-Food service supervisors,1
,,0837507 B.C. Ltd.,"Whistler, BC V0N 1B4",0631-Restaurant and food service managers,1
,,0864465 BC Ltd.  o/a Little Caesars,"LAKE COUNTY, BC V4V 1Z8",0631-Restaurant and food service managers,2
,,0915098 BC Ltd.,"WHITE ROCK, BC V4B 1C7",6311-Food service supervisors,1
,,,,6322-Cooks,1
,,0922585 BC Ltd.,"LANGLEY, BC V2Z 3A1","9441-Textile fibre and yarn, hide and pelt processing machine operators and workers",2
,,0965945 B.C. Ltd.,"RICHMOND, BC V6X 2C9",0631-Restaurant and food service managers,1
,,0967042 BC Ltd. o/a Jiffy Lube #92 South Surrey,"SURREY, BC V4N 1A6",6211-Retail sales supervisors,1
,,1004130 BC Ltd,"VANCOUVER, BC V6Z 0C6",6322-Cooks,1
,,1009393 B.C. Ltd,"COQUITLAM, BC V3B 0C6","6711-Food counter attendants, kitchen helpers and related support occupations",1
,,1013446 BC Ltd. o/a HWY7 & 9 Esso Gas Station,"Agassiz, BC V0M 1A0",6211-Retail sales supervisors,1
,,1019719 BC Ltd. o/a Ryuu Japanese Kitchen,"Vancouver, BC V6B 5J3",6311-Food service supervisors,1
,,1036479 BC Ltd. o/a Heritage Immigration,"SURREY, BC V3R 1M7",1241-Administrative assistants,1
,,1054828 BC Ltd,"LANGLEY, BC V3A 7E9","6711-Food counter attendants, kitchen helpers and related support occupations",1
,,1057537 BC Ltd.,"DELTA, BC V4C 6P7",6322-Cooks,2
,,1087131 BC Ltd.  o/a Togo Sushi_SFU,"BURNABY, BC V5A 0A7","6711-Food counter attendants, kitchen helpers and related support occupations",1
,,1103710 BC Ltd,"KELOWNA, BC V1X 2A1",6322-Cooks,1
,,1116089 B.C.Ltd.,"VANCOUVER, BC V6E 1C6","6711-Food counter attendants, kitchen helpers and related support occupations",1
,,1128516 B.C. Ltd,"MISSION, BC V2V 6R7","6741-Dry cleaning, laundry and related occupations",1
,,1164163 BC Ltd.,"SURREY, BC V3S 7S5","6711-Food counter attendants, kitchen helpers and related support occupations",2
,,348577 BC Ltd,"Surrey, BC V3W 3V6",6521-Travel counsellors,1
,,3D Transport Ltd.,"Langley, BC V3A 8C8",1311-Accounting technicians and bookkeepers,1
,,445521 BC Ltd.,"Burnaby, BC V5C 2H5","6711-Food counter attendants, kitchen helpers and related support occupations",1
,,A Deep Stucco Ltd.,"SURREY, BC V3V 2H4",7611-Construction trades helpers and labourers,1
,,A J Framing Ltd.,"Surrey, BC V3V 7A9",7611-Construction trades helpers and labourers,1
,,A.H. Lundberg Systems Limited,"VANCOUVER, BC V5R  4H",1221-Administrative officers,1
,,AAA PROPERTY MGMT SERVICES LTD,"Burnaby, BC V5E 1Z1",1311-Accounting technicians and bookkeepers,1
,,Able & Remarkable Mortgages Inc.,"Surrey, BC V3W 1Z1",1221-Administrative officers,1
,,Ace Fencing Ltd,"LANGLEY, BC V4W 2S1",7611-Construction trades helpers and labourers,3
,,AHR Cleaning Services Ltd.,"SURREY, BC V3V 5S8",6731-Light duty cleaners,1
,,Akal Gardens Ltd.,"Chilliwack, BC V2R 5E4",6621-Service station attendants,1
,,All Season Plaster & Stucco Ltd.,"SURREY, BC V3S 1W1",7611-Construction trades helpers and labourers,2
,,Aria Ventures Ltd o/a Aria Market,"VANCOUVER, BC V6G 2J7",6211-Retail sales supervisors,1
,,Baho Fast Food Inc.,"DELTA, BC V4C 7A7","6711-Food counter attendants, kitchen helpers and related support occupations",2
,,Baria Corporation,"VERNON, BC V1T 9T2",6513-Food and beverage servers,1
,,Bayside Inn & Pub Ltd.,"ALERT BAY, BC V0N 1A0",6312-Executive housekeepers,1
,,Bhatt Enterprise Ltd. o/a Curry & Kabab Indian Cuisine,"Surrey, BC V3W 3N1",6311-Food service supervisors,1
,,Bisou Salon Ltd.  o/a Bisou Hair Salon,"BURNABY, BC V5H 4J2",6341-Hairstylists and barbers,1
,,Blue Martini Restaurant Ltd.,"VANCOUVER, BC V6K 3E4",6322-Cooks,1
,,Bluesy Bubbles Cafe Inc.,"VANCOUVER, BC V6E 1C6",0631-Restaurant and food service managers,1
,,Blundell Seafoods Ltd,"Richmond, BC V6X 1Z6","9617-Labourers in food, beverage and associated products processing",2
,,Brand Food Holdings Corporation  o/a Freshii,"Sparwood, BC V0B 2G0",6311-Food service supervisors,1
,,Breeze Beauty International Ltd,"RICHMOND, BC V6Y 0C2",6341-Hairstylists and barbers,1
,,Bremer Canada Enterprises Ltd.o/a Bella Coola Valley Inn,"BELLA COOLA, BC V0T 1C0",6513-Food and beverage servers,1
,,Budget Rent a Car of Victoria Ltd.,"VICTORIA, BC V8Z 3T4","6742-Other service support occupations, n.e.c.",1
,,Castlegar Chiropractic Corp,"CASTLEGAR, BC V1N 1H2",3232-Practitioners of natural healing,1
,,Cleancare General Building Services Inc.,"BURNABY, BC V3N 1P9",6315-Cleaning supervisors,1
,,Cost Less Towing Ltd.,"VANCOUVER, BC V5X 2N8",1241-Administrative assistants,1
,,Daisam Holdings Ltd,"VANCOUVER, BC V5P 3R4",6322-Cooks,1
,,Dake Sushi,"Abbotsford, BC V2T 2X2",6322-Cooks,1
,,Deep Tire Service Ltd.,"SURREY, BC V3R 7B1",7535-Other automotive mechanical installers and servicers,1
,,Dewett Enterprise Ltd o/a Subway,"VICTORIA, BC V8R 6R3","6711-Food counter attendants, kitchen helpers and related support occupations",1
,,E&A Holdings Ltd. o/a Dairy Queen Saanich Centre,"Victoria, BC V9E 1J5",0631-Restaurant and food service managers,2
,,Eknoor Construction Ltd,"LANGLEY, BC V3A 7G3",6315-Cleaning supervisors,1
,,Ellworth Industries  o/a Associated Labels and Packaging,"Coquiltam, BC V3K 6X2","9619-Other labourers in processing, manufacturing and utilities",2
,,Essence of India Restaurant Ltd,"Delta, BC V4C 7Y4",6311-Food service supervisors,1
,,Euro Asia Transload Inc.,"Richmond, BC V6W 0A2","1215-Supervisors, supply chain, tracking and scheduling co-ordination occupations",1
,,Ever me Beauty Ltd.,"RICHMOND, BC V6X 0J8",6341-Hairstylists and barbers,1
,,Fiesta Enterprises Ltd. o/a Taco Del Mar,"NEW WESTMINSTER, BC V3M 5X2",0631-Restaurant and food service managers,1
,,Fine Choice Foods Ltd.,"Richmond, BC V6V 3B3","9617-Labourers in food, beverage and associated products processing",4
,,Flint Holdings Ltd,"Kelowna, BC V1W 3T1","6711-Food counter attendants, kitchen helpers and related support occupations",2
,,GD Holdings Ltd o/a Quiznos Sub,"DELTA, BC V4G 1L5",6311-Food service supervisors,1
,,,,"6711-Food counter attendants, kitchen helpers and related support occupations",1
,,Gira Restaurants Ltd.o/a Gusto di Quattro Restaurant,"North Vancouver, BC V7M 2E4",6322-Cooks,1
,,Gordon'N'Gordon Interiors Ltd,"VICTORIA, BC V9B 2T9","7284-Plasterers, drywall installers and finishers and lathers",3
,,Gozen Eatery Inc. o/a Gozen Japanese Restaurant,"VICTORIA, BC V8W 1V7",6322-Cooks,1
,,Hanahreum Mart Richmond Inc,"Richmond, BC V6X 4J7",6421-Retail salespersons,1
,,Happy Aging Home Care Ltd.,"KELOWNA, BC V1Y 0E1","4412-Home support workers, housekeepers and related occupations",2
,,Homan Roofing Ltd,"Langley, BC V3A 3X7",7291-Roofers and shinglers,4
,,Hot & Fresh Tasty Pizza Ltd.,"Surrey, BC V3W 1R1","6711-Food counter attendants, kitchen helpers and related support occupations",2
,,Ironwood Restaurant Group Inc.,"Richmond, BC V7A 1N6",6322-Cooks,1
,,Jaggar Holdings Inc.  o/a Chevron Town Pantry,"VICTORIA, BC V9A 3P3",0621-Retail and wholesale trade managers,2
,,JK Connected Enterprise Ltd. o/a Koodo Mobile,"SURREY, BC V4N 0Z9",6211-Retail sales supervisors,2
,,Josan Rebar Services Ltd.,"DELTA, BC V4C 3L3",7611-Construction trades helpers and labourers,1
,,JP Song Holdings Ltd.,"PRINCE RUPERT, BC V8J 1M3",6513-Food and beverage servers,1
,,Juhan Lee Personal Real Estate Corporation,"NORTH VANCOUVER, BC V7M 1H3",1241-Administrative assistants,1
,,Kai Japanese Restaurant Ltd.,"PORT COQUITLAM, BC V3B 0G9",6322-Cooks,1
,,Kamome Restaurant Ltd.,"TSAWWASSEN, BC V4M 0B2",6322-Cooks,1
,,KCC 259 Holdings Ltd.,"Whistler, BC V0N 1B2",6322-Cooks,1
,,,,"6711-Food counter attendants, kitchen helpers and related support occupations",1
,,Kelowna Pizza Factory Ltd,"KELOWNA, BC V1X 3S9",6311-Food service supervisors,1
,,KMF Holdings Ltd,"Gibsons, BC V0N 1V0",6311-Food service supervisors,3
,,Kwantlen Pizza Ltd.,"SURREY, BC V3W 2M6",6322-Cooks,1
,,L&Y Universal Enterpris Inc.,"Richmond, BC V6X 0B8","1123-Professional occupations in advertising, marketing and public relations",1
,,L.A. Sushi Fusion Restaurant,"Mission, BC V2V 1G4",6322-Cooks,1
,,La Meza Grill Ltd,"Surrey, BC V3V 7K5",6322-Cooks,2
,,Leeparksa Enterprises Ltd.,"Kamloops, BC V2E 2J7",6322-Cooks,1
,,Little Wonders Montessori Childcare and Preschool Ltd.,"ABBOTSFORD, BC V2S 3Y2",4214-Early childhood educators and assistants,2
,,Longlife Construction Ltd.,"SURREY, BC V3V 7E9",7611-Construction trades helpers and labourers,1
,,Lotus Terminals Ltd,"SURREY, BC V3S 8E5",1221-Administrative officers,1
,,Madras Spice Ltd,"VANCOUVER, BC V5W 3A1",6322-Cooks,1
,,Maple Ridge Hospitality Ltd.,"Maple Ridge, BC V2X 2S1",6731-Light duty cleaners,1
,,Marcon Construction Ltd,"LANGLEY, BC V3A 1H9",2263-Inspectors in public and environmental health and occupational health and safety,1
,,Maxeme Automotive Services Ltd.,"RICHMOND, BC V6X 2P9",1241-Administrative assistants,1
,,Mezbaan Restaurant Ltd,"SURREY, BC V3V 7H7",6322-Cooks,2
,,New SKBC8387 Food Ltd.,"LANGLEY, BC V3A 8M3",6322-Cooks,1
,,New West Poke Bar Ltd,"Coquitlam, BC V3K 6V2",6322-Cooks,1
,,Nicli Antica Pizzeria Inc,"Vancouver, BC V6A 1K2",6322-Cooks,1
,,Nu-Vue Exteriors Ltd,"KAMLOOPS, BC V2B 8A7",7441-Residential and commercial installers and servicers,1
,,Ocean Park Nails,"Surrey, BC V4A 1N5","6562-Estheticians, electrologists and related occupations",1
,,Ocean Rain Daycare,"Victoria, BC V8P 4J2",4214-Early childhood educators and assistants,1
,,Odyssey International Exports (2004) Ltd,"NEW WESTMINSTER, BC V3L 5H4","9619-Other labourers in processing, manufacturing and utilities",4
,,OK Tour Company Ltd.  o/a OK Tour,"Burnaby, BC V3J 1N3","6313-Accommodation, travel, tourism and related services supervisors",1
,,Olympia Greek Taverna,"Kelowna, BC V1X 1X6",6321-Chefs,2
,,Orofresh Enterprises Inc,"West Vancouver, BC V7V 1J7","4412-Home support workers, housekeepers and related occupations",2
,,P & J Ventures Ltd,"Williams Lake, BC V2G 1L7",6322-Cooks,1
,,Pacific Citadel Capital Inc.,"BURNABY, BC V5A 3H1",0714-Facility operation and maintenance managers,1
,,Pacific Salmon Industries Inc.,"SURREY, BC V3W 4G1",9463-Fish and seafood plant workers,2
,,Pallet Terminal Ltd,"SURREY, BC V3X 0B6",1311-Accounting technicians and bookkeepers,1
,,Panaderia Latina Bakery Inc.,"SURREY, BC V3W 7E2",6332-Bakers,1
,,Parm Plumbing & Heating Ltd,"BURNABY, BC V3N 1K3",7611-Construction trades helpers and labourers,1
,,Parth Investments Inc,"Cranbrook, BC V1C 6S3",6311-Food service supervisors,1
,,Pearl House Restaurant (Richmond) Ltd.,"RICHMOND, BC V6V 2L3",6513-Food and beverage servers,1
,,Pho Tau Bay Restaurant Ltd.,"SURREY, BC V3S 3S4",6322-Cooks,1
,,Pizza Zone Restaurant,"Victoria, BC V8T 3P6",6322-Cooks,1
,,,,6513-Food and beverage servers,1
,,Planning 21 Enterprises Ltd. (Sushi Cafe),"VANCOUVER, BC V6Z 2R1","6711-Food counter attendants, kitchen helpers and related support occupations",1
,,Platinum Space Management Ltd,"VANCOUVER, BC V6E 4R5",3232-Practitioners of natural healing,1
,,,,"6562-Estheticians, electrologists and related occupations",1
,,Portofino Bakery Ltd. o/a Portofino European Bakery,"Victoria, BC V8M 1Z9",6332-Bakers,1
,,Pro West Concrete Ltd.,"SURREY, BC V4A 7S4",7611-Construction trades helpers and labourers,1
,,Q & J Enterprises Ltd o/a OK Bottle Depot,"RICHMOND, BC V6X 2A8",6211-Retail sales supervisors,1
,,,,"9227-Supervisors, other products manufacturing and assembly",1
,,Rabbithood Contractors Ltd.,"SURREY, BC V3X 0H8",7611-Construction trades helpers and labourers,2
,,Ramada Inn - Kamloops,"Kamloops, BC V2C 1K7",6525-Hotel front desk clerks,1
,,Royal Truck Repair Ltd,"SURREY, BC V3X 2H5",1311-Accounting technicians and bookkeepers,1
,,,,7612-Other trades helpers and labourers,2
,,Sagada Holdings Inc,"CRESTON, BC V0B  1G",6211-Retail sales supervisors,2
,,Save More Lighting and Plumbing,"Surrey, BC V3W 3A6",1414-Receptionists,1
,,Shellbridge Creme Cafe 1 Ltd.,"VANCOUVER, BC V6C 1S4","6711-Food counter attendants, kitchen helpers and related support occupations",1
,,Shun Yuan Company Ltd.,"Nanaimo, BC V9S 1H9",6322-Cooks,1
,,Site2Gym BC Ltd.,"PRINCE RUPERT, BC V8J 3T6",6211-Retail sales supervisors,1
,,Skys the Limit Holdings Inc.,"Osoyoos, BC V0H 1V2",6311-Food service supervisors,3
,,Skyway Brands Ventures Inc. o/a Tim Hortons,"RICHMOND, BC V7B 1Y7","6711-Food counter attendants, kitchen helpers and related support occupations",3
,,Skyway Brands YVR Inc. o/a Wendy's,"RICHMOND, BC V7B 0A5","6711-Food counter attendants, kitchen helpers and related support occupations",1
,,Sonu Hair Cut Ltd,"Delta, BC V4C 6R8",6341-Hairstylists and barbers,1
,,Sosan Construction,"Abbottsford, BC V4X 2J7",7611-Construction trades helpers and labourers,2
,,South China Seas Trading Co. Ltd.,"VANCOUVER, BC V5P 2S7",6211-Retail sales supervisors,1
,,Spark International Trading Ltd.,"Burnaby, BC V5E 1C4","6711-Food counter attendants, kitchen helpers and related support occupations",1
,,Sulmida Dessert Cafe Ltd.,"BURNABY, BC V5J 4G1","6711-Food counter attendants, kitchen helpers and related support occupations",1
,,Super-Cut Lumber Industries Ltd,"LANGLEY, BC V1M 3N8","9614-Labourers in wood, pulp and paper processing",4
,,Surrey Pizza & Chicken Ltd.,"Delta, BC V4C 6R6",6322-Cooks,3
,,Sushi Mania Enterprises Ltd dba Sushi Mania,"North Vancouver, BC V7L 1C3",6322-Cooks,1
,,Team Auto Repair and Electrical,"Surrey, BC V3W 3M8",7612-Other trades helpers and labourers,2
,,The Acorn Restaurant Ltd.,"VANCOUVER, BC V5V 1Z5",6322-Cooks,1
,,The Vancouver Club,"Vancouver, BC V6C 1C6","6711-Food counter attendants, kitchen helpers and related support occupations",1
,,Top Quality Pizza Ltd,"SURREY, BC V3V 4S2",6322-Cooks,2
,,Trans Peace Financial Corp.,"Fort St. John, BC V1J 2B3",6311-Food service supervisors,1
,,Transource Freightways Ltd.,"Delta, BC V3M 6S7",1241-Administrative assistants,1
,,Trust Travel Service Ltd,"Richmond, BC V6Y 2B2",6531-Tour and travel guides,1
,,Twin Maple Produce Ltd,"CHILLIWACK, BC V2R 4R7","9462-Industrial butchers and meat cutters, poultry preparers and related workers",3
,,U-Thi Restaurant Ltd,"CHASE, BC V0E 1M0",6322-Cooks,1
,,Valley Acrylic Bath Ltd,"BURNABY, BC V5H 3T9",6211-Retail sales supervisors,1
,,Vancity Sub Owners Ltd.  DBA Subway,"Vancouver, BC V5V 4E8","6711-Food counter attendants, kitchen helpers and related support occupations",1
,,VIEC Education Canada Ltd.,"VICTORIA, BC V8W 1B9",6531-Tour and travel guides,1
,,Viet Nam House Restaurant Ltd,"VANCOUVER, BC V5L 1V1","6711-Food counter attendants, kitchen helpers and related support occupations",2
,,Vivid Green Architecture Inc.,"RICHMOND, BC V7A 5H5",1241-Administrative assistants,1
,,Waisee Trading Co. Ltd.,"VANCOUVER, BC V6A 1P8","9617-Labourers in food, beverage and associated products processing",1
,,West British Gardening & Landscaping Ltd,"NORTH VANCOUVER, BC V7M 3A1","8255-Contractors and supervisors, landscaping, grounds maintenance and horticulture services",1
,,West Coast Building Restoration Inc.,"Maple Ridge, BC V2X 0T4",7271-Carpenters,1
,,West Van Florist Home & Garden Ltd.,"West Vancouver, BC V7V 1J7",1111-Financial auditors and accountants,1
,,Wonderful Szechuan Restaurant,"North Vancouver, BC V7K 1C7","6711-Food counter attendants, kitchen helpers and related support occupations",1
,,Wonderful Waffle House Ltd,"NEW WESTMINSTER, BC V3L 3C3","6711-Food counter attendants, kitchen helpers and related support occupations",1
,,Wow Thai Food Inc.,"VANCOUVER, BC V6B 6N9",6322-Cooks,4
,  Primary Agriculture,0731052 BC Ltd,"CHILLIWACK, BC V3R 3P6","8252-Agricultural service contractors, farm supervisors and specialized livestock workers",2
,,,,8431-General farm workers,8
,,0914942 BC Ltd.,"Surrey, BC V3W 2Y4",8431-General farm workers,6
,,0988081 BC Ltd dba Bench 1775 Winery,"Penticton, BC V2A 8T8",8431-General farm workers,2
,,1134631 BC Ltd,"SURREY, BC V3S 3H5",8431-General farm workers,6
,,AJM Brar Farm,"SURREY, BC V3Z 1E2",8431-General farm workers,5
,,Akal Farms Inc.,"Abbotsford, BC V2S 7Z4",8431-General farm workers,2
,,Arbutus Grove Nursery Ltd.,"NORTH SAANICH, BC V8L 5T5","8252-Agricultural service contractors, farm supervisors and specialized livestock workers",1
,,B & B Bradner Farms Ltd.,"Abbotsford, BC V2T 5C6","8252-Agricultural service contractors, farm supervisors and specialized livestock workers",1
,,,,8431-General farm workers,5
,,"Baljit Sivia, Bhupinder Sangha, Sukhdev Sangha, Antpal Sangha","ABBOTSFORD, BC V2T 5M2",8431-General farm workers,30
,,Blue Cap Farm,"ABBOTSFORD, BC V2T 5Y5","8252-Agricultural service contractors, farm supervisors and specialized livestock workers",1
,,,,8431-General farm workers,5
,,Blue Moon Farms Ltd,"RICHMOND, BC V7C 3H9","8252-Agricultural service contractors, farm supervisors and specialized livestock workers",2
,,Blue Pacific Farms Ltd.,"Surrey, BC V3W 9N2","8252-Agricultural service contractors, farm supervisors and specialized livestock workers",4
,,,,8431-General farm workers,20
,,D & B Toor Farms Ltd,"Abbotsford, BC V2T 5X7",8431-General farm workers,1
,,Daljit Garcha Farm,"Surrey, BC V3W 2P5","8252-Agricultural service contractors, farm supervisors and specialized livestock workers",2
,,G&S Farms Ltd.,"ABBOTSFORD, BC V4X 1J6","8252-Agricultural service contractors, farm supervisors and specialized livestock workers",2
,,GERI Partnership,"Maple Ridge, BC V2X 7G2","8252-Agricultural service contractors, farm supervisors and specialized livestock workers",4
,,Gold Hill Winery Ltd.,"Oliver, BC V0H 1T1",8431-General farm workers,8
,,Great Harvest Farm Ltd,"VANCOUVER, BC V5M 2Y9",8431-General farm workers,3
,,GSB FARMS LTD,"ABBOTSFORD, BC V2T 1S9","8252-Agricultural service contractors, farm supervisors and specialized livestock workers",1
,,Hothi Farms Inc,"Delta, BC V4K 2N8","8252-Agricultural service contractors, farm supervisors and specialized livestock workers",10
,,KA Labour Contractors Ltd.,"SURREY, BC V3X 3H6","8255-Contractors and supervisors, landscaping, grounds maintenance and horticulture services",1
,,KBF Enterprises Inc,"ABBOTSFORD, BC V3G 2R6","8252-Agricultural service contractors, farm supervisors and specialized livestock workers",2
,,,,8431-General farm workers,25
,,Khazan Labour Contractor Ltd.,"Abbotsford, BC V2T 5J5","8252-Agricultural service contractors, farm supervisors and specialized livestock workers",3
,,Khun Khun Farm Ltd.,"VERNON, BC V1H 1W9","8252-Agricultural service contractors, farm supervisors and specialized livestock workers",1
,,,,8431-General farm workers,4
,,KSG Farms Services Ltd.,"ABBOTSFORD, BC V4X 1S1",8431-General farm workers,60
,,Mahapreet Blueberry Farm Ltd.,"SURREY, BC V3X 3M8","8252-Agricultural service contractors, farm supervisors and specialized livestock workers",2
,,,,8431-General farm workers,21
,,Mountain View Vineyards Inc.,"Osoyoos, BC V0H 1V4",8431-General farm workers,1
,,Nirvair&Litt Farm Ltd,"CHILLIWACK, BC V2R 0M7","8252-Agricultural service contractors, farm supervisors and specialized livestock workers",2
,,,,8431-General farm workers,30
,,Peace Arch Farms Ltd.,"SURREY, BC V3Z 9M6","8252-Agricultural service contractors, farm supervisors and specialized livestock workers",4
,,Richberry Farms Ltd,"Richmond, BC V6V 3A2",8431-General farm workers,1
,,S S Lally Landscaping Ltd.,"ABBOTSFORD, BC V2T 5B5",8431-General farm workers,7
,,Sandhu Greenhouses & Nursery Ltd,"Osoyoos, BC V0H 1V0","8255-Contractors and supervisors, landscaping, grounds maintenance and horticulture services",2
,,Sapphire Farm,"Abbotsford, BC V2T 6Z5","8252-Agricultural service contractors, farm supervisors and specialized livestock workers",1
,,,,8431-General farm workers,9
,,Springbank Holsteins Ltd.,"CHILLIWACK, BC V4Z 0B3",8431-General farm workers,2
,,Star Labour Supply Ltd.,"Vancouver, BC V5X 1Y1","8252-Agricultural service contractors, farm supervisors and specialized livestock workers",10
,,,,8431-General farm workers,50
,,Valley Agro Ltd,"Surrey, BC V3W 3N5","8252-Agricultural service contractors, farm supervisors and specialized livestock workers",10
Yukon,   Low Wage,New Nugget Restaurant Ltd,"Watson Lake, YT Y0A 1C0",6513-Food and beverage servers,2
Northwest Territories,   Low Wage,Dinku Tadesse Eline Baye ET EL,"YELLOWKNIFE, NT X1A 3R8",6322-Cooks,1
,,Hay River Dental Group Inc.,"Hay River, NT X0E 1G2",3411-Dental assistants,1
,,Paul Bros Nextreme Inc,"Yellowknife, NT X1A 0G4",9612-Labourers in metal fabrication,1
Employers carrying on business in Canada with Head Office outside of Canada,    High Wage,AM Live LLC,"Los Angeles, 90038","5131-Producers, directors, choreographers and related occupations",1
,,Biscuit Filmworks,"Los Angeles, 90038","5131-Producers, directors, choreographers and related occupations",3
,,BOB Industries LLC o/a BOB Industries,"Santa Monica, 90401","5131-Producers, directors, choreographers and related occupations",1
,,Caviar,"Los Angeles, 90028","5131-Producers, directors, choreographers and related occupations",1
,,Eskimo LLC,"Los Angeles, 90012","5131-Producers, directors, choreographers and related occupations",1
,,"Furlined, Inc","Santa Monica, 90404","5131-Producers, directors, choreographers and related occupations",1
,,Harvest Films Inc.,"Santa Monica, 90404","5131-Producers, directors, choreographers and related occupations",1
,,Iconoclast Content Inc,"Culver City, 90232","5131-Producers, directors, choreographers and related occupations",1
,,Interrogate Films,"Los Angeles, 90045","5131-Producers, directors, choreographers and related occupations",1
,,Jojax LLC,"VENICE, 90219","5131-Producers, directors, choreographers and related occupations",1
,,Little Minx,"Santa Monica, 90404","5131-Producers, directors, choreographers and related occupations",1
,,Minted Content,"Santa Monica, 90405","5131-Producers, directors, choreographers and related occupations",1
,,"Morton Jankel Zander, Inc","Los Angeles, 90064","5131-Producers, directors, choreographers and related occupations",1
,,"Moxie Pictures, Inc.","LOS ANGELES, 90016","5131-Producers, directors, choreographers and related occupations",1
,,"Park Pictures, LLC","New York, 10010","5131-Producers, directors, choreographers and related occupations",3
,,R.C. Roll Grinding Inc.,"BRADENTON, 34280",2243-Industrial instrument technicians and mechanics,1
,,Radical Media LLC,"Santa Monica, 90404","5131-Producers, directors, choreographers and related occupations",1
,,Rapp Bomek AS,"BODO, N8012",2232-Mechanical engineering technologists and technicians,1
,,Raucous Content Inc,"Hollywood, 90028","5131-Producers, directors, choreographers and related occupations",1
,,"Reset Content, LLC dba Reset","Santa Monica, 90404","5131-Producers, directors, choreographers and related occupations",1
,,"Something Ideal, Inc / M SS NG P ECES","BROOKLYN, 11222","5131-Producers, directors, choreographers and related occupations",2
,,Stink Films,"Culver City, 90232","5131-Producers, directors, choreographers and related occupations",1
,,Texas Story Inc.,"CHICAGO, 60607","5131-Producers, directors, choreographers and related occupations",1
,,The Sweet Shop,"Hollywood, 90028","5131-Producers, directors, choreographers and related occupations",1
,,"The Workhouse Worldwide, LLC","Culver City, 90232","5131-Producers, directors, choreographers and related occupations",1
,,Tool of North America LLC,"Santa Monica, 90404","5131-Producers, directors, choreographers and related occupations",1
,   Low Wage,New World Friction Corp.,"RICHMOND, 23222","9619-Other labourers in processing, manufacturing and utilities",10
,,Packer Expeditions Ltd.,"Skagway, 99840",6532-Outdoor sport and recreational guides,4
Notes:,,,,,
1. The source for all information in this report is Employment and Social Development Canada's (ESDC) LMIA System.,,,,,
"2. This list excludes all personal names, such as employers of caregivers or business names that use or include personal names. For this reason, the list is not complete and does not reflect all employers who requested or received an LMIA. Should an employer wish to contact ESDC concerning the accuracy of their information, please contact NA-TFWP-PTET@hrsdc-rhdcc.gc.ca.",,,,,
"3. The employer name is manually entered in system. As such, accuracy of the names is subject to potential data entry error and inconsistent spelling.",,,,,
"4. Effective November 2016, NOC 2011 is being used. Prior to November 2016, all occupations under NOC 2006 were converted to the respective NOC 2011 occupation. Empirical concordance released by Statistics Canada was used to determine appropriate linkages.",,,,,
"5. Effective February 2018, LMIAs in support of Permanent Residence (PR) are excluded from TFWP statistics reporting, unless reported separately. This may impact statistics reported over time.",,,,,
"6. The LMIA System tracks TFW positions only, not TFWs who are issued a work permit or who enter Canada. Not all positions approved result in a work permit or a TFW entering Canada. For information on the number of work permits issued, please consult Immigration Refugees and Citizenship Canada's (IRCC) Facts and Figures: http://www.cic.gc.ca/english/resources/statistics/menu-fact.asp",,,,,
7. The numbers appearing in this release may differ slightly from those reported in previous releases of LMIA statistics due to data updates that occur over time.,,,,,
