"Employers who were issued a negative Labour Market Impact Assessment (LMIA) by Stream, National Occupational Classification (NOC) 2011 and business location in 2018 (January-March)",,,,,
Province/Territory,Stream,Employer,Address,Occupation,Requested Positions
Newfoundland and Labrador,   Low Wage,White Crescent Variety Inc.,"Happy Valley- Goose Bay, NL A0P 1E0",6421-Retail salespersons,1
Nova Scotia,    High Wage,N&N Electric Motor Specialists Ltd,"Dartmouth, NS B3A 1H8",2242-Electronic service technicians (household and business equipment),1
,,,,7333-Electrical mechanics,1
,   Low Wage,3226198 Nova Scotia Ltd,"Centreville, NS B0P 1J0",7312-Heavy-duty equipment mechanics,1
New Brunswick,    High Wage,Quality Transportation Services (NB) Ltd,"Jacksonville, NB E7M 3S1",7511-Transport truck drivers,5
,,UC Education Inc.,"Frederitcon, NB E3B 1B1","0014-Senior managers - health, education, social and community services and membership organizations",1
,   Low Wage,Fenety Convenience Store Ltd.  o/a Blue Canoe,"Waasis, NB E3B 9E1",6322-Cooks,3
,,Violette Motors Ltd.,"Edmundston, NB E7C 0C1","7321-Automotive service technicians, truck and bus mechanics and mechanical repairers",1
,  Primary Agriculture,Cavendish Farms Corp,"Dieppe, NB E1A 6X4",8431-General farm workers,6
Quebec,    High Wage,9320-0228 Quebec Inc.,"Ancienne Lorette, QC G2E 5G3",6322-Cooks,1
,,ARTITALIA GROUP INC,"Montreal, QC H1E 7J8",7311-Construction millwrights and industrial mechanics,1
,,CVCM Inc.,"Québec, QC G1V 0E9",6411-Sales and account representatives - wholesale trade (non-technical),1
,,ÉCOLE DE PILOTAGE SAINT-HUBERT INC.,"Saint-Hubert, QC J3Y 8Y9","2271-Air pilots, flight engineers and flying instructors",1
,,Environnement routier NRJ Inc.,"Lachine, QC H8R 1K6",7312-Heavy-duty equipment mechanics,1
,,Makki & Mittsu Inc,"Montréal, QC H2V 4G9",6321-Chefs,1
,,Ministères Enseignemoi,"Waterloo, QC J0E 2N0",5225-Audio and video recording technicians,1
,,MMS Laser,"Victoriaville, QC G6T 2A9",7237-Welders and related machine operators,3
,,Odotech Inc.,"MONTRÉAL, QC H3V 1A2",2281-Computer network technicians,1
,,Optimacell Inc o/a Mobile Snap,"LAVAL, QC H7P 6E4",7246-Telecommunications installation and repair workers,2
,,Productions Double Negative Montréal Ltée,"MONTRÉAL, QC H2Y 1A6",5241-Graphic designers and illustrators,1
,,PRODUITS D'ACIER HASON INC. (LES),"LANORAIE, QC J0K 1E0",7237-Welders and related machine operators,3
,,Produits de construction Derby inc.,"St-Augustin-de-Desmaures, QC G3A 2K1",2232-Mechanical engineering technologists and technicians,1
,,Restaurant Normandin (2014) Inc.,"Québec, QC G2B 1B3",6322-Cooks,1
,,Shipco Transport (Canada) inc.,"Lachine, QC H8T 1A4",0731-Managers in transportation,1
,,Studios Framestore Inc.,"Montréal, QC H2T 3B3",5241-Graphic designers and illustrators,1
,,Tianjin Inspiration et créativité Sci-tech Développement Inc.,"Montreal, QC H2Y 2W8","0013-Senior managers - financial, communications and other business services",1
,,"Zef Scientific, Inc.","Dorval, QC H9P 1J8",2241-Electrical and electronics engineering technologists and technicians,1
,   Low Wage,9222-6737 Québec Inc.,"Montreal, QC H2X 3K8",0631-Restaurant and food service managers,1
,,9348-5407 Québec inc,"Dollard-des-Ormeaux, QC H9B 2K4","5254-Program leaders and instructors in recreation, sport and fitness",1
,,CLUB DE GYMNASTIQUE LES RÉFLEXES INC.,"Boucherville, QC J4B 1Z6",5252-Coaches,1
,,Les Entreprises Marvais Inc.,"Boucherville, QC J4B 5E4",0631-Restaurant and food service managers,1
,,Nab Kebab Inc.,"Rimouski, QC G5L 2L2",6322-Cooks,1
,,Restaurant Calao Inc.,"QUÉBEC, QC G1V 0C1",6321-Chefs,1
,,Servodirection DSG inc.,"Québec, QC G2J 1P7",7445-Other repairers and servicers,1
,,Sushi Shop Campus Inc.,"Montréal, QC H2X 3X2",6322-Cooks,1
,,Usinage Nado inc.,"Sherbrooke, QC J1L 1K4",9416-Metalworking and forging machine operators,2
Ontario,    High Wage,1161132 Ontario Limited,"MISSISSAUGA, ON L5T 2E1","1123-Professional occupations in advertising, marketing and public relations",1
,,1261535 Ontario Limited.,"Markham, ON L6E 0L4",6322-Cooks,1
,,1263591 Ontario Limited O/A Cynthia's Chinese Restaurant,"Vaughan, ON L4J 7Y3",6322-Cooks,1
,,1530483 Ontario Inc.,"Cambridge, ON N3C 1E9",0631-Restaurant and food service managers,1
,,1542766 Ontario Inc. O/A Fix-Rite Auto Tech,"Mississauga, ON L5T 1E6",0621-Retail and wholesale trade managers,1
,,1734233 Ontario Ltd.,"Etobicoke, ON M6J 1X5",7281-Bricklayers,1
,,2056032 Ontario Ltd. o/a Trio Ristorante Pizzeria,"Toronto, ON M4N 2L5",6322-Cooks,1
,,2063490 Ontario Inc.,"Concord, ON L4K 3Z3",7511-Transport truck drivers,3
,,2079644 Ontario Inc.,"Woodbridge, ON L4H 3T6",0631-Restaurant and food service managers,1
,,2175706 Ontario Inc- DBA Empress of India,"CAMBRIDGE, ON N3C 2V4",0631-Restaurant and food service managers,1
,,2207801 Ontario Inc.,"Brampton, ON L6W 1M6",6222-Retail and wholesale buyers,1
,,2226004 Ontario Ltd.,"MARKHAM, ON L3S 0B6",1223-Human resources and recruitment officers,1
,,2318328 Ontario Ltd,"Mississauga, ON L5V 2X8",0621-Retail and wholesale trade managers,1
,,2347191 Ontario Inc.,"North York, ON M2M 2M6",0621-Retail and wholesale trade managers,1
,,2350936 Ontario Inc.,"Brampton, ON L6Y 5K4",1221-Administrative officers,1
,,2389080 Ontario Inc,"Pickering, ON L1W 1G4",6322-Cooks,1
,,2432146 Ontario Inc.,"Markham, ON L3R 1H3",1221-Administrative officers,1
,,2442018 Ontario Limited,"Toronto, ON M5V 3X8",0631-Restaurant and food service managers,1
,,2449603 Ontario Inc.,"Toronto, ON M6L 2H8","6313-Accommodation, travel, tourism and related services supervisors",1
,,2458524 Ontario Inc.,"TORONTO, ON M5T 2H1",6322-Cooks,5
,,786 Ummah Investments Corp.,"Brampton, ON L6P 0S2",6211-Retail sales supervisors,1
,,792839 Ontario Inc.,"Timmins, ON P4N 8S3",7333-Electrical mechanics,2
,,9339396 Canada Inc,"Toronto, ON M5J 3A7",0631-Restaurant and food service managers,1
,,949710 Ontario Limited,"Mississauga, ON L4T 3M6",7322-Motor vehicle body repairers,1
,,Abacus Growth Agency Incorporated,"TORONTO, ON M5V 2A5","1123-Professional occupations in advertising, marketing and public relations",1
,,ABS Associates Inc. O/A The Khana Sutra,"Brampton, ON L6S 5X9",6321-Chefs,2
,,Almer Corporation,"RICHMOND HILL, ON L4B 3A8",2175-Web designers and developers,1
,,Alpha Comfort Control Ltd.,"MISSISSAUGA, ON L5L 1J9","7321-Automotive service technicians, truck and bus mechanics and mechanical repairers",1
,,Amar Transport Inc.,"Kleinburg, ON L0J 1C0",7511-Transport truck drivers,10
,,Andy Stieva Trucking Ltd.,"BEAMSVILLE, ON L0R 1B0",7511-Transport truck drivers,1
,,Apollon Ironworks,"NORTH YORK, ON M3J 2N1",7237-Welders and related machine operators,1
,,Arcadian Projects Ltd.,"BADEN, ON N3A 3J7",2232-Mechanical engineering technologists and technicians,1
,,AS General Contracting And Investment,"Scarborough, ON M1X 1E7",0711-Construction managers,1
,,ASIA PACIFIC INTERNATIONAL INC,"Toronto, ON M5C 2M6",2252-Industrial designers,2
,,Awecademy Corp.,"Toronto, ON M5V 0G9","0014-Senior managers - health, education, social and community services and membership organizations",1
,,B Negative LLC,"SCARBOROUGH, ON M1N 4B5","5131-Producers, directors, choreographers and related occupations",1
,,Bella Vista Restaurant 1991,"Ottawa, ON K1V 7T5",6321-Chefs,1
,,Besi Auto Collision LTD.,"Toronto, ON M6R 2C1","7321-Automotive service technicians, truck and bus mechanics and mechanical repairers",1
,,Brascan Molds Corporation,"Mississauga, ON L5S 1V3",9417-Machining tool operators,1
,,Campechano Inc.,"Toronto, ON M5V 1T5",6321-Chefs,1
,,Carrier Truck Centres Inc.,"Woodstock, ON N4S 7V8","1215-Supervisors, supply chain, tracking and scheduling co-ordination occupations",1
,,Century 3000 Auto Collision Center LTD,"Etobicoke, ON M8Z 5K2",7322-Motor vehicle body repairers,3
,,Challenges Unlimited Inc. (CUI),"Bracebridge, ON P1L 1X4",2264-Construction inspectors,1
,,Circle Productions Ltd,"Toronto, ON M5V 1T2","5131-Producers, directors, choreographers and related occupations",1
,,Comfort Hospitality Inc.,"Niagara Falls, ON L2G 6A4","6313-Accommodation, travel, tourism and related services supervisors",1
,,Compound Metal Coatings Inc.,"Mississauga, ON L5T 1L9",2232-Mechanical engineering technologists and technicians,1
,,Concept Plastics Ltd.,"Brantford, ON N3T 1X5",0911-Manufacturing managers,2
,,Davis Controls Limited,"Oakville, ON L6H 5R3",6221-Technical sales specialists - wholesale trade,1
,,Denny's Auto Wash Inc.,"Oakville, ON L6J 7T5",6315-Cleaning supervisors,1
,,Dr. Maryam Adibfar Dentistry Professional Corp.,"Toronto, ON M4S 1Y2",1221-Administrative officers,1
,,EarthSoft Canada Inc.,"Leamington, ON N8H 5C9",2113-Geoscientists and oceanographers,1
,,Elgra Inc.,"Vaughan, ON L4K 2M9",6421-Retail salespersons,1
,,ENGA Controls Inc.,"Toronto, ON M9W 5P1",7242-Industrial electricians,1
,,Esras Fashion Accessories Ltd,"Mississauga, ON L5H 3V1","0013-Senior managers - financial, communications and other business services",1
,,Falcon Motor Xpress Ltd,"CALEDON, ON L7C 2X3",7511-Transport truck drivers,1
,,Farrage Developments Inc,"Toronto, ON M2R 2P3",0711-Construction managers,1
,,,,0712-Home building and renovation managers,1
,,Fila Metal Polishing and Buffing,"Scarborough, ON M1S 3J2",9612-Labourers in metal fabrication,1
,,Firenza Plumbing & Heating Ltd.,"North York, ON M3L 1G5",7251-Plumbers,1
,,Gem Dental Studio,"Sarnia, ON N7T 5W3","3223-Dental technologists, technicians and laboratory assistants",1
,,General Dynamics Land Systems-Canada,"London, ON N5V 2Z7",2132-Mechanical engineers,1
,,Ghazale on Wellesley Inc.,"Markham, ON L3R 2N7",0631-Restaurant and food service managers,1
,,Ghumman & Partners LLP,"MISSISSAUGA, ON L5T 2J8",1311-Accounting technicians and bookkeepers,1
,,GKN Sinter Metals - St. Thomas,"St. Thomas, ON N5P 1H1",0211-Engineering managers,1
,,Harmony Hyundai Inc.,"Rockland, ON K4K 1J8",0621-Retail and wholesale trade managers,1
,,Hood Cleaners of America Inc.,"Mississauga, ON L4W 2Z8",0714-Facility operation and maintenance managers,1
,,Hylan Group Inc.,"Toronto, ON M5H 3K6",0711-Construction managers,1
,,Iknoor Trucking Inc.,"Brampton, ON L6Y 0X2",7511-Transport truck drivers,4
,,Imam Hussian - Association,"Scarborough, ON M1V 5J5",5212-Technical occupations related to museums and art galleries,1
,,J.C. Williams Group Limited,"Toronto, ON M5C 1P1","0124-Advertising, marketing and public relations managers",1
,,Jeem Services Ltd.,"Kitchener, ON N2P 2H8",0711-Construction managers,1
,,JOHNSON PLAYFAIR INC.,"Toronto, ON M4M 2L3",7281-Bricklayers,1
,,Korbitec Inc,"Toronto, ON M5C 1B5",2174-Computer programmers and interactive media developers,1
,,KPG Canada Inc.,"Bolton, ON L7E 1E5",2233-Industrial engineering and manufacturing technologists and technicians,1
,,KSB Pumps Inc.,"Mississauga, ON L4W 3N8","0016-Senior managers - construction, transportation, production and utilities",1
,,Little Guys Delivery Services Inc.,"Markham, ON L3R 9R7","1215-Supervisors, supply chain, tracking and scheduling co-ordination occupations",1
,,LJP Corporation o/a Hockley Valley Resort,"Mono, ON L9W 5X7",6321-Chefs,1
,,London Eco-Roof Manufacturing Inc.,"Dorchester, ON N0L 1G4",7291-Roofers and shinglers,4
,,Merinos Carpet Inc.,"MISSISSAUGA, ON L5T 1V9","1215-Supervisors, supply chain, tracking and scheduling co-ordination occupations",1
,,MJR Contractors Ltd.,"Mississauga, ON L4Z 1C2",7271-Carpenters,1
,,Moonstone Quartz Inc. o/a Lucent Quartz,"CONCORD, ON L4K 3M9",6222-Retail and wholesale buyers,1
,,"NRT Canada, Inc.","Tibury, ON N0P 2L0",6221-Technical sales specialists - wholesale trade,1
,,OPC TV Inc.,"TORONTO, ON M5A 2N4","5131-Producers, directors, choreographers and related occupations",1
,,OTT Financial Inc.,"North York, ON M2N 6L7","0124-Advertising, marketing and public relations managers",1
,,PakCan Kashmir Handicrafts Ltd.,"Brampton, ON L6T 5T1",0621-Retail and wholesale trade managers,1
,,Paz Roofing and Waterproofing Corporation,"Thornhill, ON L3T 2C6","7205-Contractors and supervisors, other construction trades, installers, repairers and servicers",1
,,Pointone Graphics Inc.,"Etobicoke, ON M8Z 5J4","0124-Advertising, marketing and public relations managers",1
,,Pranav Dave Professional Corporation,"Brampton, ON L7A 0S9",1221-Administrative officers,1
,,QBuild Corporation,"Markham, ON L3R 1E6",2174-Computer programmers and interactive media developers,1
,,Right To Play International,"Toronto, ON M5C 1C4","4164-Social policy researchers, consultants and program officers",1
,,Royal Red Builders,"VAUGHAN, ON L4K 5L1",7611-Construction trades helpers and labourers,1
,,Sanjha Punjab Radio and TV Inc.,"BRAMPTON, ON L6S 5Z4","0651-Managers in customer and personal services, n.e.c.",1
,,SNZ Trading Inc.,"Concord, ON L4K 2E8",6411-Sales and account representatives - wholesale trade (non-technical),1
,,"Soft Citizen, Inc","TORONTO, ON M5A 2N4","5131-Producers, directors, choreographers and related occupations",2
,,St. Johns Family Dentistry,"Toronto, ON M5H 3K6",0311-Managers in health care,1
,,Steam Films Inc.,"TORONTO, ON M5A 2N4","5131-Producers, directors, choreographers and related occupations",2
,,Strellci Walls Inc.,"Etobicoke, ON M9P 3J5",7271-Carpenters,1
,,Taj Contactors Ltd.,"Bolton, ON L7E 3S3",7282-Concrete finishers,2
,,The Floral Express Inc.,"Woodstock, ON N4S 7V8",0111-Financial managers,1
,,Top Star Foods Trading Ltd.,"Scarborough, ON M1B 2G1",1241-Administrative assistants,1
,,United Canadian Muslim Association of Ontario Inc.,"Toronto, ON M4L 3A1",6321-Chefs,1
,,Vision Entertainment Inc.,"Toronto, ON M6A 2A4","5131-Producers, directors, choreographers and related occupations",1
,,VXG Inc.,"Toronto, ON M5M 1A3","1123-Professional occupations in advertising, marketing and public relations",1
,   Low Wage,1177975 Ontario Ltd,"Etobicoke, ON M9V 1B4",6311-Food service supervisors,1
,,1413504 Ontario Limited,"Windsor, ON N9E 4Z2","9619-Other labourers in processing, manufacturing and utilities",3
,,1448726 Ontario Limited,"Toronto, ON M8Z 1T8",0631-Restaurant and food service managers,1
,,1485204 Ontario Inc.,"Port Perry, ON L9L 1P9",6322-Cooks,1
,,1498403 Ontario Inc o/a Petro Canada,"WINDSOR, ON N8T 1E9",6211-Retail sales supervisors,1
,,1520636 Ontario Inc,"Brampton, ON L6R 2K7",0631-Restaurant and food service managers,1
,,1550034 Ontario Inc. o/a Warraich Meat Shop Inc.,"BRAMPTON, ON L6R 1T4",6322-Cooks,1
,,1554366 Ontario Inc o/a Fergus Esso,"Fergus, ON N1M 2L2",6621-Service station attendants,1
,,1574626 Ontario Inc. O/A Auto Spa Express,"Burlington, ON L7L 5H9",6611-Cashiers,1
,,1958380 Ontario Inc. o/a Koja Restaurant,"Toronto, ON M6K 1X9",6322-Cooks,1
,,2024232 Ontario Inc o/a Galleria Supermarket,"Vaughan, ON L4K 2A6",6211-Retail sales supervisors,1
,,2073981 Ontario Inc.  o/a Tacorrito,"Toronto, ON M8X 2W8",0631-Restaurant and food service managers,1
,,2074874 Ontario Inc.,"Mississauga, ON L5T 2V9",6322-Cooks,2
,,2213884 Ontario Inc,"Mississauga, ON L4T 1A6",6322-Cooks,1
,,2246928 Ontario Inc.,"Barrie, ON L4N 8J7",6315-Cleaning supervisors,1
,,2290082 Ontario Inc.,"Toronto, ON M6C 2E3",4216-Other instructors,1
,,2290312 Ontario LTD,"Alliston, ON L9R 1V2",7511-Transport truck drivers,2
,,2294671 Ontario Inc. o/a Lahore Tikka House,"Toronto, ON M4L 1Z3",0631-Restaurant and food service managers,1
,,2320610 Ontario Inc. o/a Active Security Enterprises,"BRAMPTON, ON L6Y 0P6",1311-Accounting technicians and bookkeepers,1
,,2329848 Ontario Inc.,"Toronto, ON M6P 1Y9",6322-Cooks,1
,,2391866 Ontario Ltd,"Toronto, ON M5V 1M5",0631-Restaurant and food service managers,1
,,2436853 Ontario Inc.  o/a Kibo Sushi House,"Toronto, ON M6C 1B2",6321-Chefs,1
,,2439734 Ontario Inc,"Niagara Falls, ON L2H 0B6",0631-Restaurant and food service managers,2
,,2458098 Ontario Inc. o/a Shell Canada,"ETOBICOKE, ON M8V 1H4",6211-Retail sales supervisors,1
,,2463175 Ontario Inc,"Ignace, ON P0T 1T0","4412-Home support workers, housekeepers and related occupations",1
,,,,"6313-Accommodation, travel, tourism and related services supervisors",1
,,,,6322-Cooks,1
,,2560655 Ontario Inc.,"Barrie, ON L4N 6C8",6322-Cooks,1
,,7905815 Canada Ltd.,"Fort Erie, ON L2A 2S4",1311-Accounting technicians and bookkeepers,1
,,8157685 Canada Ltd,"Kenora, ON P9N 1L9",6321-Chefs,1
,,891990 Ontario Inc,"Mississauga, ON L4V 1V5",1311-Accounting technicians and bookkeepers,1
,,9023674 Canada Inc,"Pembroke, ON K8A 2E8",6311-Food service supervisors,1
,,Ace Rivet & Fastener Inc,"Brampton, ON L6T 4L8",7445-Other repairers and servicers,1
,,Actinolite Inc.,"Toronto, ON M6G 3V5",6322-Cooks,1
,,Ah-So Fine Foods Inc.,"London, ON N6L 1C6",6322-Cooks,1
,,Aitas Japanese Immersion School Inc.,"TORONTO, ON M5S 2V6",4216-Other instructors,1
,,Al-Risala Academy LTD.,"Mississauga, ON L4Y 4A2",4021-College and other vocational instructors,1
,,Angel's Retirement Home,"St Catharines, ON L2P 2Y3","3413-Nurse aides, orderlies and patient service associates",1
,,BB Haulage Inc,"Ajax, ON L1Z 0B8",7511-Transport truck drivers,2
,,Big Cannoli Lane Inc.,"Woodbridge, ON L4L 4K9",6321-Chefs,1
,,Boston Group Hospitality Ltd.  o/a Tandoori Flame,"Brampton, ON L6T 5N9",6322-Cooks,3
,,Bust Mold Inc.,"Ottawa, ON K2A 3Y3",7611-Construction trades helpers and labourers,1
,,Canada YiFeng Trade Company Inc.,"Toronto, ON M1V 4W7",6321-Chefs,1
,,Carinderia by DFlores Inc.,"Mississauga, ON L4W 1K3",6322-Cooks,2
,,Church Aperitivo Bar,"Toronto, ON M6J 1H7",6321-Chefs,1
,,Copa-Cabana Brazilian Steakhouse,"NIAGARA FALLS, ON L2E 7G9",6322-Cooks,2
,,Custom Orthotics of London Inc.,"London, ON N6B 2H6",3219-Other medical technologists and technicians (except dental health),1
,,Desi Bar & Grill Ltd.,"Mississauga, ON L4W 4C3",0631-Restaurant and food service managers,1
,,DHG 10 Inc o/a A&W Restaurant,"Mississauga, ON L5W 1T2",6311-Food service supervisors,1
,,Dr. Timothy Tsang & Dr. Miranda Mok Optometry Professional Corporation,"Vaughan, ON L6A 4P8",3231-Opticians,1
,,Falcon Motor Xpress Ltd,"CALEDON, ON L7C 2X3",1311-Accounting technicians and bookkeepers,1
,,Fromagerie Cooperative St-Albert Inc,"St-Albert, ON K0A 3C0","9617-Labourers in food, beverage and associated products processing",1
,,Frontier Heating & Air Conditioning Inc.,"Brampton, ON L6X 0A4",1311-Accounting technicians and bookkeepers,1
,,Fur Boutique Ltd.,"London, ON N6C 3P6","6342-Tailors, dressmakers, furriers and milliners",1
,,GopalKrishna Inc.,"Brampton, ON L7A 0K7",6311-Food service supervisors,1
,,Greenwood Enterprises Inc.,"Huntsville, ON P1H 2K8",6311-Food service supervisors,4
,,,,"6711-Food counter attendants, kitchen helpers and related support occupations",2
,,Gum Gone Graffiti Gone Ltd.,"Toronto, ON M4E 1G3",6732-Specialized cleaners,1
,,Gusto Pizzaria Inc.,"Brampton, ON L6X 1M9",6322-Cooks,1
,,Highland Poultry Fine Foods,"Hamilton, ON L8W 2E1","6331-Butchers, meat cutters and fishmongers - retail and wholesale",3
,,JC Superior Siding Inc.,"Toronto, ON M9C 4S7",7441-Residential and commercial installers and servicers,1
,,K&L Francis Inc.,"Huntsville, ON P1H 2K8",6311-Food service supervisors,3
,,K&P Enterprises Inc.,"TORONTO, ON M3J 3N3",6322-Cooks,1
,,Kochin Kitchen Inc.,"Ottawa, ON K1N 7E5",6322-Cooks,1
,,Lakeside Produce Inc.,"Leamington, ON N8H 3V5","9617-Labourers in food, beverage and associated products processing",6
,,Loki Auto Cosmetics Inc.,"Aurora, ON L4G 1J1",6732-Specialized cleaners,1
,,Medex Fish Importing & Exporting Co. Ltd.,"Vaughan, ON L4L 9N6",9463-Fish and seafood plant workers,1
,,Morning Owl Coffeehouse Kanata Inc.,"Ottawa, ON K4A 4W8",6322-Cooks,1
,,Norwich Packers Ltd,"Norwich, ON N0J 1P0","9617-Labourers in food, beverage and associated products processing",2
,,NSafe Engineering Inc.,"ETOBICOKE, ON M9W 4N3",7237-Welders and related machine operators,1
,,"Objex, Inc","Ottawa, ON K4A 0Z9",5252-Coaches,1
,,P.A.T. Central Market Inc.,"Toronto, ON M6G 1L3","6331-Butchers, meat cutters and fishmongers - retail and wholesale",1
,,Popular Tire Sales & Services Inc,"Mississauga, ON L5S 1M5",6211-Retail sales supervisors,1
,,Premium Host Inc. o/a Paramount Fine Foods,"Mississauga, ON L5W 1P7",0631-Restaurant and food service managers,1
,,Pride Group Logistics Ltd.,"Mississauga, ON L5T 1A6",7511-Transport truck drivers,1
,,Queen Video Limited,"Mississauga, ON L5G 1E1",6322-Cooks,1
,,Rei Dos Leitos Bar & Grill Ltd,"London, ON N5Z 1T6",6322-Cooks,1
,,Rolis-Annett Corporation,"Napanee, ON K7R 1J1",6311-Food service supervisors,2
,,Sai Restaurants Inc.,"SCARBOROUGH, ON M1J 2C8",6311-Food service supervisors,1
,,Shawerma Plus Inc.,"Waterloo, ON N2J 2Y7",6311-Food service supervisors,1
,,Shine Barber Shop,"Brampton, ON L6S 0C4",6341-Hairstylists and barbers,1
,,Shoppers Drug Mart Store #880,"Toronto, ON M1V 1V2",6211-Retail sales supervisors,1
,,Signtel Advertising Inc,"Toronto, ON M3H 5S4",5223-Graphic arts technicians,1
,,Sitara Indian Cuisine Inc.,"Sarnia, ON N7S 1P7",0631-Restaurant and food service managers,1
,,Synergy Services Inc,"LISTOWEL, ON N4W 2M7","8252-Agricultural service contractors, farm supervisors and specialized livestock workers",1
,,Terpstra Farms Ltd,"Brussels, ON N0G 1H0","8252-Agricultural service contractors, farm supervisors and specialized livestock workers",2
,,Terra-Opus Property Services Inc.,"Stouffville, ON L4A 7Z5",8612-Landscaping and grounds maintenance labourers,3
,,"Unconquered Sun Solar Technologies, Inc.","Tecumseh, ON N8N 2M1",2241-Electrical and electronics engineering technologists and technicians,1
,,Vretta Inc.,"Toronto, ON M4R 1K8",5241-Graphic designers and illustrators,1
,  Primary Agriculture,1174724 Ont Inc o/a Lepp Farms,"Virgil, ON L0S 1T0",8431-General farm workers,1
,,ES Holdings Inc.,"Courtland, ON N0J 1E0",8431-General farm workers,3
,,Geronne Farms,"Chatham, ON N7M 5J4",8431-General farm workers,2
,,Manderley Turf Products Inc.,"MOOSE CREEK, ON K0C 1W0",8431-General farm workers,5
,,Martins Holsteins (1996) Ltd,"Palmerston, ON N0G 2P0","8252-Agricultural service contractors, farm supervisors and specialized livestock workers",3
,,Maw's Lakeview Orchard,"Ottawa, ON K4A 1M1",8431-General farm workers,2
,,Sandy Shore Farms Limited,"Port Burwell, ON N0J 1T0","8252-Agricultural service contractors, farm supervisors and specialized livestock workers",1
Manitoba,    High Wage,Portage Transport Inc.,"Portage La Prairie, MB R1N 3C3",7511-Transport truck drivers,3
,,West-Man Foot Clinic,"Brandon, MB R7B 3Y3",3125-Other professional occupations in health diagnosing and treating,1
,   Low Wage,Baexim International Inc o/a Grand Rapids Esso,"Grand Rapids, MB R0C 1E0",6211-Retail sales supervisors,1
,,Rey-Henry1194 MB Ltd,"Winnipeg, MB R3T 4H9",6321-Chefs,1
,,St. Anne Hotel Chinese Restaurant,"WINNIPEG, MB R3B 0X1",6322-Cooks,2
,  Primary Agriculture,Aletta Holsteins Inc.,"Linden, MB R0A 0X1",8431-General farm workers,3
,,Haskett Growers (2014) Ltd.,"Winkler, MB R6W 4A1",8431-General farm workers,4
,,Wenkai Oriental Vegetables,"Elie, MB R0H 0H0",8431-General farm workers,1
Saskatchewan,    High Wage,SJM Dental Prof. Corp.,"ASSINIBOIA, SK S0H 0B0",3113-Dentists,2
,   Low Wage,Classic Inn LTD,"MELVILLE, SK S0A 2P0",6322-Cooks,1
,  Primary Agriculture,Ridgedale Co-op Association Ltd,"Ridgedale, SK S0E 1L0",8431-General farm workers,4
Alberta,    High Wage,1153238 Alberta Ltd.,"Calgary, AB T2C 2X3","7284-Plasterers, drywall installers and finishers and lathers",1
,,1805241 Alberta Ltd,"Calgary, AB T2V 5G2",1223-Human resources and recruitment officers,1
,,1831095 Alberta Inc.,"Drumheller, AB T0J 0Y0","7321-Automotive service technicians, truck and bus mechanics and mechanical repairers",1
,,2013722 Alberta Ltd,"Sundre, AB T0M 1X0",0621-Retail and wholesale trade managers,1
,,3E Sheet Metal & Food Equipment LTD,"Calgary, AB T2E 6L1",0711-Construction managers,1
,,4 Brothers Trucking Services Ltd,"Edmonton, AB T6M 0C1","7305-Supervisors, motor transport and other ground transit operators",1
,,716945 Alberta Ltd,"Edmonton, AB T5G 1L2","1215-Supervisors, supply chain, tracking and scheduling co-ordination occupations",1
,,Air Central Inc,"Edmonton, AB T6N 1A8","1215-Supervisors, supply chain, tracking and scheduling co-ordination occupations",1
,,Alberta Health Services,"EDMONTON, AB T5J 3E4",3111-Specialist physicians,1
,,Amar Enterprises Ltd,"Edmonton, AB T6T 0H5",1311-Accounting technicians and bookkeepers,1
,,ANDERWERKS LTD,"CALGARY, AB T2E 6R4","7334-Motorcycle, all-terrain vehicle and other related mechanics",1
,,Atlantic Handicraft Corporation,"Calgary, AB T2G 0T5",0621-Retail and wholesale trade managers,1
,,AV Exterior Ltd,"EDMONTON, AB T5V 1H7","1215-Supervisors, supply chain, tracking and scheduling co-ordination occupations",2
,,Azuridge Limited,"PRIDDIS, AB T0L 1W0",6321-Chefs,1
,,Boss Liquor Ltd,"EDMONTON, AB T6K 3S4",1311-Accounting technicians and bookkeepers,1
,,City Masonry Ltd.,"Edmonton, AB T6T 0A5","7284-Plasterers, drywall installers and finishers and lathers",1
,,Conqur Industries Inc.,"Two Hills, AB T0B 4K0",0621-Retail and wholesale trade managers,1
,,Cynkon Inc,"Edmonton, AB T6W 0H8",1122-Professional occupations in business management consulting,1
,,D-Kamp Services Inc,"Calgary, AB T3L 2Z8",2171-Information systems analysts and consultants,1
,,Engelbertink Sales & Distribution Ltd,"Edmonton, AB T5G 3J7",0621-Retail and wholesale trade managers,1
,,Five Star Drywall & Insulation Ltd.,"Edmonton, AB T6T 0M2","7284-Plasterers, drywall installers and finishers and lathers",3
,,G K Projects Inc. o/a Great Western Interiors,"CALGARY, AB T2Z 4A3","7284-Plasterers, drywall installers and finishers and lathers",2
,,Herman 123 Ltd,"Burdett, AB T0K 0J0",7235-Structural metal and platework fabricators and fitters,7
,,Indo-Bridge Inc.,"Calgary, AB T2K 3R8","0013-Senior managers - financial, communications and other business services",1
,,"N&A Contracting Siding, Soffit, Fascia Inc.","EDMONTON, AB T5T 7A1","7284-Plasterers, drywall installers and finishers and lathers",3
,,O. J. Pipelines Canada Corporation,"NISKU, AB T9E 7M9",2243-Industrial instrument technicians and mechanics,1
,,Patience Partnership,"CALGARY, AB T2G 1M8",7251-Plumbers,1
,,,,7312-Heavy-duty equipment mechanics,1
,,PCC Integrate Inc.,"Calgary, AB T2P 3E8","0013-Senior managers - financial, communications and other business services",1
,,Prince Benipal Trucking Ltd.,"Edmonton, AB T6T 0G8","7305-Supervisors, motor transport and other ground transit operators",1
,,Proinsulate Spray Foam Services Inc.,"SPRUCE GROVE, AB T7X 0M5","7284-Plasterers, drywall installers and finishers and lathers",1
,,Raja Trucking Ltd.,"Edmonton, AB T6T 1N4","7305-Supervisors, motor transport and other ground transit operators",1
,,Rush Roofing & Contracting Corp,"Foothills, AB T1S 3M1","0016-Senior managers - construction, transportation, production and utilities",1
,,TripleClean Exhaust Maintenance Inc.,"Edmonton, AB T5T 5E5",6315-Cleaning supervisors,1
,,Unique Drywall Ltd.,"Edmonton, AB T6X 1E4","7284-Plasterers, drywall installers and finishers and lathers",2
,,W.M.K. Holdings Ltd.,"Fort McMurray, AB T9H 0H8","2271-Air pilots, flight engineers and flying instructors",1
,,Yellowhead Trucking Ltd.,"Edmonton, AB T5Y 0Z8","7305-Supervisors, motor transport and other ground transit operators",1
,,ZyTech Building Systems LP,"BALZAC, AB T4B 2T3",7271-Carpenters,3
,   Low Wage,1072995 Alberta Ltd.,"Sherwood Park, AB T8H 2S9",6311-Food service supervisors,1
,,1089362 Alberta Ltd o/a Swiss Donair,"EDMONTON, AB T5E 2H4",6311-Food service supervisors,1
,,1108495 Alberta Ltd.o/a SUBWAY SANDWICH AND SALADS,"AIRDRIE, AB T4B 1R9",6311-Food service supervisors,1
,,1443803 Alberta Ltd,"Sherwood Park, AB T8H 2N1",6315-Cleaning supervisors,1
,,1475183 Alberta Ltd,"Calgary, AB T1Y 6J6",6322-Cooks,2
,,1495791 Alberta Ltd,"GRANDE PRAIRIE, AB T8W 2W1",6315-Cleaning supervisors,1
,,1541466 Alberta Inc,"Calgary, AB T3E 7C4",6322-Cooks,1
,,1621221 Alberta Ltd,"Fort Saskatchewan, AB T8L 4R5",6322-Cooks,1
,,1692691 Alberta Ltd,"Wandering River, AB T0A 3M0",6311-Food service supervisors,2
,,,,6322-Cooks,2
,,1698687 Alberta Ltd,"Calgary, AB T1Y 6M6",0631-Restaurant and food service managers,1
,,1785881 Alberta Ltd,"Strathmore, AB T1P 1H8",9526-Mechanical assemblers and inspectors,1
,,1827186 Alberta Inc.,"Calgary, AB T2T 0C3",6322-Cooks,1
,,1871057 Alberta Inc. o/a Paul's Pizza and Steak House,"Airdrie, AB T4B 1S2",6322-Cooks,1
,,1885320 Alberta Ltd.,"Edmonton, AB T5C 1R9",6211-Retail sales supervisors,1
,,1902335 Alberta Ltd.,"Edmonton, AB T6C 0X9",6311-Food service supervisors,2
,,1913477 Alberta Ltd.,"Tofield, AB T0B 4J0",6311-Food service supervisors,1
,,1914349 Alberta Ltd o/a New Asian Village,"Edmonton, AB T6T 1A7",6311-Food service supervisors,2
,,1963350 AB Ltd /The Boot,"Cochrane, AB T4C 1X6",6311-Food service supervisors,1
,,1968166 Alberta Inc.,"Calgary, AB T2T 0A7",6311-Food service supervisors,1
,,1975538 Alberta Inc,"Beaumont, AB T4X 0G5",6311-Food service supervisors,1
,,2013722 Alberta Ltd,"Sundre, AB T0M 1X0",6621-Service station attendants,1
,,340620 Alberta Ltd,"Edmonton, AB T6E 5X7",6211-Retail sales supervisors,1
,,617882 Alberta Ltd.,"Edmonton, AB T5H 4K8",6322-Cooks,2
,,782902 Alberta Ltd,"Sylvan Lake, AB T4S 0A5",6211-Retail sales supervisors,1
,,7-Eleven Canada Inc.  o/a 7-Eleven Store,"CALGARY, AB T2Y 1W1",6211-Retail sales supervisors,3
,,853582 Alberta Ltd,"Strathmore, AB T1P 1H8",0631-Restaurant and food service managers,1
,,861699 Alberta Ltd.,"CROSSFIELD, AB T0M 0S0",6211-Retail sales supervisors,1
,,ABS Truckwash and Lube Ltd,"EDMONTON, AB T5W  5J",6315-Cleaning supervisors,1
,,Aladdin's Casbah Inc.,"Calgary, AB T2J 7A4",6322-Cooks,1
,,Aztec Renovations & Refit Inc,"Calgary, AB T2E 6L5","9224-Supervisors, furniture and fixtures manufacturing",2
,,Bamboo Garden Ltd,"Banff, AB T1L 1C7",6311-Food service supervisors,1
,,,,6322-Cooks,1
,,Bowls Korean BBQ Ltd.,"Calgary, AB T3K 0B3",6322-Cooks,1
,,Byblos Bakery Ltd.,"Calgary, AB T2E 8J8","9213-Supervisors, food, beverage and associated products processing",1
,,Canadian Premium Meats Inc,"Lacombe, AB T4L 0C6","6331-Butchers, meat cutters and fishmongers - retail and wholesale",1
,,Cochrane Bottle Depot Ltd,"CALGARY, AB T3J  1A",7452-Material handlers,1
,,Comfort Home Solutions Inc.,"Edmonton, AB T5T 2Y1",1221-Administrative officers,1
,,Cozy Home Maid Service Inc.,"Calgary, AB T3M 1Y6",6315-Cleaning supervisors,2
,,Deborah Morgan Consulting Services,"CAMROSE, AB T4V 1W4","4412-Home support workers, housekeepers and related occupations",1
,,Edmonton Roastery Inc.,"EDMONTON, AB T6V 0M7","9617-Labourers in food, beverage and associated products processing",1
,,Elaschuk Hospitality Inc,"Camrose, AB T4V 4W2",6311-Food service supervisors,1
,,Exalta 21 Inc.,"Banff, AB T1L 1C1","6313-Accommodation, travel, tourism and related services supervisors",2
,,,,6531-Tour and travel guides,8
,,Faisal Kabab Hut Ltd.,"Calgary, AB T3J 4K3",6322-Cooks,2
,,Filoxenia Inc. o/a Travelodge Strathmore,"Strathmore, AB T1P 1B5",6311-Food service supervisors,1
,,Go-2-Work Inc.,"Calgary, AB T3H 5M3",6311-Food service supervisors,2
,,Graham & Lane Florists Ltd,"Edmonton, AB T5J 2Y9",6211-Retail sales supervisors,1
,,Janet Yee,"Beaumont, AB T4X 0C5",4411-Home child care providers,1
,,Jaxson Inc.,"Grande Prairie, AB T8W 0G9",6311-Food service supervisors,1
,,Josun Enterprise Ltd. o/a Izumi Yokozuna Sushi House,"Calgary, AB T2W 4X9",6311-Food service supervisors,1
,,Jupiter Enterprises Ltd.,"CALGARY, AB T2H 0R2","9619-Other labourers in processing, manufacturing and utilities",2
,,LCR Construction & Renovation Ltd.,"Picture Butte, AB T0K 1V0",7611-Construction trades helpers and labourers,1
,,Ma Siddiki Corporation o/a Edo Japan,"Olds, AB T4H 0A2",6322-Cooks,1
,,McLennan Pizza and Donair Corp.,"Falher, AB T0H 1M0",6311-Food service supervisors,1
,,Mila's Cleaning Services Ltd,"Sherwood Park, AB T8H 0L7",6315-Cleaning supervisors,1
,,Mooncon Electrical Ltd.,"EDMONTON, AB T6X 0A9",6211-Retail sales supervisors,1
,,Nho Saigon Inc,"Calgary, AB T2T 1Z7",6311-Food service supervisors,1
,,Pearl Nails & Spa Ltd,"CALGARY, AB T3H 0N9",6316-Other services supervisors,1
,,Pereira & Moniz Landscape Contractors Inc.,"Sturgeon County, AB T8T 1N8",8612-Landscaping and grounds maintenance labourers,2
,,Pho Anh Huyen Ltd. o/a Pho Anh Huyen Noodle House,"Calgary, AB T2E 2R8","6711-Food counter attendants, kitchen helpers and related support occupations",1
,,Pho Hoai Vietnamese Beef House,"Calgary, AB T2G 0B6",6311-Food service supervisors,1
,,Pinoy Avenue Store and Food Services,"Edmonton, AB T5P 2T9",6211-Retail sales supervisors,1
,,ProBond Systems Inc.,"EDMONTON, AB T5M 3X1",7291-Roofers and shinglers,1
,,Restoretech Ltd,"Edmonton, AB T6N 1B6",6315-Cleaning supervisors,1
,,Shine & Company Ltd.,"Calgary, AB T3H 5M6",6311-Food service supervisors,1
,,Solo Liquor Stores Ltd.,"Calgary, AB T2P 0S4",6211-Retail sales supervisors,1
,,South Edmonton Common Vitality Health Foods Inc.,"EDMONTON, AB T6N 1L5",6211-Retail sales supervisors,1
,,Spruce Grove Bottle Depot Ltd,"ST. PAUL, AB T0A 3A2",6316-Other services supervisors,1
,,SS Stonebridge Del Fitness Corp o/a Motion Fitness,"Grande Prairie, AB T8V 8E6",1241-Administrative assistants,1
,,Stigg Security Inc,"Fort McMurray, AB T9K 0P8",6316-Other services supervisors,2
,,Strawberry Street Daycare Centre Ltd,"Edmonton, AB T6L 6G9",4214-Early childhood educators and assistants,1
,,The Moulding Store Inc.,"Calgary, AB T2E 6S8",9533-Other wood products assemblers and inspectors,1
,,Ultimate Cleaning Services Ltd,"Calgary, AB T3M 1C3",6315-Cleaning supervisors,1
,,Virk Investments Ltd.,"Edmonton, AB T6E 1C1",6211-Retail sales supervisors,1
,,Worsley Gateway Inn Ltd.,"Worsley, AB T0H 3W0",6322-Cooks,1
,,Yasif Inc,"Edmonton, AB T6E 1W6",4214-Early childhood educators and assistants,1
,  Primary Agriculture,Arrowhead Nurseries Ltd.,"Edmonton, AB T5Y 6P8",8432-Nursery and greenhouse workers,5
,,Creekside Home and Garden Ltd.,"Spruce Grove, AB T7Y 1A9",8432-Nursery and greenhouse workers,2
,,De Herdt Gardens,"Barrhead, AB T7N 1A6",8432-Nursery and greenhouse workers,3
,,Double F Farms 2015 Ltd,"Kirriemuir, AB T0C 1R0","8252-Agricultural service contractors, farm supervisors and specialized livestock workers",1
,,,,8431-General farm workers,4
,,Kemp Honey Ltd.,"High Prairie, AB T0G 1E0",8431-General farm workers,2
,,Mighty Peace Honey,"Grimshaw, AB T0H 1W0",8431-General farm workers,1
,,Poelman Apiaries Ltd.,"FORT MACLEOD, AB T0L 0Z0","8252-Agricultural service contractors, farm supervisors and specialized livestock workers",5
,,,,8431-General farm workers,5
,,The Jungle Farm,"Red Deer County, AB T4G 0M7",8431-General farm workers,6
British Columbia,    High Wage,0829370 BC Ltd.,"Vancouver, BC V6A 4B3",3233-Licensed practical nurses,1
,,0994391 BC Ltd,"Surrey, BC V3W 1N6","1215-Supervisors, supply chain, tracking and scheduling co-ordination occupations",1
,,1137525 B.C. Ltd,"SURREY, BC V3S 7P7",0621-Retail and wholesale trade managers,1
,,617436 BC Ltd,"RICHMOND, BC V7A 4P5",1221-Administrative officers,1
,,673283 B.C. Ltd.,"Parksville, BC V9P 1K8",0632-Accommodation service managers,1
,,Alfa71 Enterprises Ltd,"Langley, BC V3A 4E6",0631-Restaurant and food service managers,1
,,All Star Stone & Building Materials Inc.,"Surrey, BC V3W 3K3",7281-Bricklayers,2
,,Anderson First Rate-Contracting Inc,"Maple Ridge, BC V2X 0T4",7294-Painters and decorators (except interior decorators),3
,,Bansal & Associates Consulting Engineer Inc.,"Surrey, BC V3W 1E6",2253-Drafting technologists and technicians,1
,,Best Royal Recruiting & Immigration Ltd,"Burnaby, BC V5H 2E2","0124-Advertising, marketing and public relations managers",1
,,Big White Electrical Ltd.,"Kelowna, BC V1P 1P3",7241-Electricians (except industrial and power system),1
,,Blackstar Truck & Trailer Repairs Ltd.,"Surrey, BC V3W 3E8",1311-Accounting technicians and bookkeepers,1
,,Brave & Young Distributors Ltd,"Delta, BC V4C 3W1","1215-Supervisors, supply chain, tracking and scheduling co-ordination occupations",1
,,Bronco Industries Inc,"Delta, BC V4G 1L8",1122-Professional occupations in business management consulting,1
,,,,1221-Administrative officers,1
,,C.E.S. Engineering Ltd,"BURNABY, BC V5G 4X7",2132-Mechanical engineers,1
,,Canadian Okanagan Alpaca Ranch Inc,"Coldstream, BC V1B 3B8",0114-Other administrative services managers,1
,,Cascade Bath and Lighting Ltd.,"Langley, BC V3A 5E8",6211-Retail sales supervisors,1
,,CleanTech Service Group Limited,"Richmond, BC V7A 4X6","7384-Other trades and related occupations, n.e.c.",5
,,Colangeli Group Builders Ltd,"Saanichton, BC V8M 1W2",7271-Carpenters,5
,,Cooperage Enterprises Inc,"Port Coquitlam, BC V3B 8B8","5131-Producers, directors, choreographers and related occupations",1
,,DDN Services Inc.,"Vancouver, BC V6B 3M1",1253-Records management technicians,1
,,Drabek Technologies Ltd.,"COQUITLAM, BC V3K 6A3",2253-Drafting technologists and technicians,1
,,Dura Seal Ltd.,"Port Coquitlam, BC V3C 6N2",7292-Glaziers,1
,,F R C Transport Ltd.,"Surrey, BC V3V 1B9",1311-Accounting technicians and bookkeepers,1
,,Golden Trading Ltd.,"Surrey, BC V3W 7J1",1221-Administrative officers,1
,,Greenland Growers Nursery Ltd.,"ALDERGROVE, BC V4W 1R7","8255-Contractors and supervisors, landscaping, grounds maintenance and horticulture services",1
,,Gusan General Contracting Inc,"Port Coquitlam, BC V3B 3W5",7295-Floor covering installers,1
,,H & L Aluminum Railing Ltd.,"Burnaby, BC V3N 4V1",7237-Welders and related machine operators,1
,,,,9416-Metalworking and forging machine operators,1
,,HAP Enterprises Ltd.,"Delta, BC V4G 1G6",7511-Transport truck drivers,6
,,Highway Ranger Trucking Ltd.,"SURREY, BC V3W 6Y7",1311-Accounting technicians and bookkeepers,1
,,,,7511-Transport truck drivers,2
,,International Tentnology Corp,"Surrey, BC V3S 2A1",2132-Mechanical engineers,1
,,Intraedge Inc.,"New Westminster, BC V3L 3A4","0124-Advertising, marketing and public relations managers",1
,,K. R. & R Trucking Ltd,"CHARLIE LAKE, BC V0C 1H0",7511-Transport truck drivers,2
,,Leavitt Machinery General Partnership,"Langley, BC V2Z 2L3","1123-Professional occupations in advertising, marketing and public relations",1
,,Mander Bros. Enterprises Ltd.,"DELTA, BC V4C 6P6","7321-Automotive service technicians, truck and bus mechanics and mechanical repairers",1
,,MBD Trucking Ltd.,"Surrey, BC V3W 4J7",1221-Administrative officers,1
,,MBM Metal Fabricators Inc.,"Langley, BC V1M 0B1",6221-Technical sales specialists - wholesale trade,1
,,Meiklejohn Architectural Design Studio Inc.,"Penticton, BC V2A 1H2",2251-Architectural technologists and technicians,1
,,Mexi-Cana Concrete Service,"Vancouver, BC V5K 4Y6",7282-Concrete finishers,3
,,Mighty Peace Brewing Co. Ltd.,"Fort St John, BC V1J 1J1","9213-Supervisors, food, beverage and associated products processing",1
,,Mountain Equipment Co-Operative,"Vancouver, BC V5T 1E1","1215-Supervisors, supply chain, tracking and scheduling co-ordination occupations",1
,,New Hourin Ramen Inc.,"Vancouver, BC V6S 0H7",0631-Restaurant and food service managers,1
,,Night Owl Bird Hospital,"Vancouver, BC V6J 1Z2",3114-Veterinarians,1
,,Northstar Janitorial Services Ltd.,"Prince George, BC V2N 5H9",6315-Cleaning supervisors,1
,,Ornament Tiles and Surface Ltd.,"Surrey, BC V4N 4N2",7283-Tilesetters,2
,,Ponderosa Trading Company Ltd,"Maple Ridge, BC V4R 2P7",1221-Administrative officers,1
,,President Global Consulting Group Ltd.,"Richmond, BC V6X 3X2",1221-Administrative officers,1
,,Punjab Travel Ltd.,"Abbotsford, BC V2T 3S5",1241-Administrative assistants,1
,,Roman Metal Works Ltd.,"North Vancouver, BC V7P 3N4",7233-Sheet metal workers,1
,,Scott Plastics Ltd.,"Sidney, BC V8L 5Z6",7232-Tool and die makers,1
,,Sea to Sky Powerwashing Inc,"North Vancouver, BC V7M 0C6",0621-Retail and wholesale trade managers,1
,,Skynet Wireless Inc.,"Surrey, BC V3R 1V9",0601-Corporate sales managers,1
,,,,1221-Administrative officers,1
,,SoundsGood Auto Services Inc,"Coquitlam, BC V3B 1B8",2242-Electronic service technicians (household and business equipment),1
,,Spider Holding Ltd.,"Vancouver, BC V6A 1R6",6315-Cleaning supervisors,1
,,Steve Chung Law Corporation  o/a Chung & Associates,"New Westminster, BC V3L 1V3",1242-Legal administrative assistants,1
,,Tavo Stone Contracting Inc.,"Coquitlam, BC V3E 2P1",7283-Tilesetters,1
,,The Flying Pig Holdings Ltd.  o/a The Flying Pig (Yaletown),"Vancouver, BC V6B 2S2",6321-Chefs,1
,,Valley Countertops Industries Ltd,"Abbotsford, BC V2T 6X4","7205-Contractors and supervisors, other construction trades, installers, repairers and servicers",1
,,West Tenth Badminton Club Ltd,"Vacouver, BC V6K 2A4",5252-Coaches,1
,,Westland Metal Ltd.,"Surrey, BC V3W 9G2",9416-Metalworking and forging machine operators,1
,,Worldnet Computers Inc,"Surrey, BC V3S 2G9",2281-Computer network technicians,1
,   Low Wage,0837507 B.C. Ltd.,"Whistler, BC V0N 1B4",6311-Food service supervisors,2
,,0863506 B.C Ltd o/a Ali Baba Pizza - Duncan,"Victoria, BC V8W 1G9",6311-Food service supervisors,1
,,0894000 BC Ltd o/a Railtown Cafe & Catering,"Vancouver, BC V6A 1A4",6322-Cooks,1
,,0923281 BC Ltd,"SURREY, BC V3W 0P8",6211-Retail sales supervisors,1
,,1006771 BC Ltd,"PORT COQUITLAM, BC V3B 0G6",6311-Food service supervisors,1
,,1020215 BC Ltd.  o/a Sushi Bella Restaurant,"North Vancouver, BC V7M 2E8",6322-Cooks,1
,,1039139 BC Ltd,"Richmond, BC V6V 0B4",6322-Cooks,4
,,1058489 BC LTD. o/a Momo Sushi,"Vancouver, BC V6B 5C6",6322-Cooks,2
,,2nd Home Bilingual Child Care Centre,"Burnaby, BC V5E 2A4",4214-Early childhood educators and assistants,1
,,592835 BC Ltd dba Dairy Queen,"Surrey, BC V3W 1E6",6322-Cooks,1
,,6731856 Canada Inc,"Cranbrook, BC V1C 3S3",6311-Food service supervisors,1
,,AAG Holding 2011 Ltd,"PORT MCNEILL, BC V9N 2R0",6311-Food service supervisors,1
,,,,"6711-Food counter attendants, kitchen helpers and related support occupations",1
,,ACCS Food Services Incorporated,"VANCOUVER, BC V6E 1C2",6311-Food service supervisors,1
,,Ace Trades and Technichal Institute,"Surrey, BC V3W 1R1",1241-Administrative assistants,1
,,AE & RS Restaurant Ltd.,"Surrey, BC V4A 5A4",6322-Cooks,1
,,Alfa71 Enterprises Ltd,"Langley, BC V3A 4E6",6322-Cooks,1
,,Better Way Lighting Ltd,"Vancouver, BC V6A 3B7",1241-Administrative assistants,1
,,Blue Moose Holdings Ltd.,"Hope, BC V0X 1L0","6711-Food counter attendants, kitchen helpers and related support occupations",1
,,Breeze Beauty International Ltd,"RICHMOND, BC V6Y 0C2",6341-Hairstylists and barbers,1
,,Cha Ching Holdings Ltd.,"Kelowna, BC V1W 3T1",0631-Restaurant and food service managers,1
,,,,6322-Cooks,2
,,Chaparral Industries (86) Inc.,"Kelowna, BC V1X 7T1",7611-Construction trades helpers and labourers,3
,,Chel-Ryan Enterprises Ltd o/a Tappen Esso,"Tappen, BC V0E 2X3",6211-Retail sales supervisors,1
,,CME Enterprise Ltd.,"Burnaby, BC V5E 1T8",4214-Early childhood educators and assistants,1
,,Diligent Group Enterprizes Ltd,"Surrey, BC V3W 5J5",6322-Cooks,1
,,Domain Decorating & restorations Ltd,"Langley, BC V2Z 2M5",7611-Construction trades helpers and labourers,1
,,Echo Early Learning Center Inc.,"Kelowan, BC V1Y 5Y7",4214-Early childhood educators and assistants,1
,,Educoach Consultants Inc.,"Burnaby, BC V5J 5K7",1241-Administrative assistants,1
,,Fablee Diner Ltd.,"Vancouver, BC V5T 1W1",0631-Restaurant and food service managers,1
,,Four Corner Roofing Ltd.,"SURREY, BC V3W 5B6",7611-Construction trades helpers and labourers,3
,,Frontier Cloth House Ltd.,"Surrey, BC V3W 3N3","6342-Tailors, dressmakers, furriers and milliners",1
,,Grace Sushi Ltd,"Victoria, BC V8W 3K3",6513-Food and beverage servers,1
,,Great Canadian Pizza Ltd,"Vancouver, BC V6B 2C9",6311-Food service supervisors,1
,,Hawksworth Restaurant Services Inc.,"VANCOUVER, BC V6C 0B4",6321-Chefs,1
,,,,6322-Cooks,2
,,Helena Hair Salon,"NORTH VANCOUVER, BC V7L 2P9",6341-Hairstylists and barbers,1
,,Hiraku Sushi Ltd. o/a Hiraku Sushi Japanese Restaurant,"Coquitlam, BC V3E 0J5",6322-Cooks,1
,,Hollandia Greenhouses Ltd,"Pitt Meadows, BC V3Y 1Z1","8252-Agricultural service contractors, farm supervisors and specialized livestock workers",1
,,Hollyburn Family Services Ltd.,"North Vancouver, BC V7M 1A5",4212-Social and community service workers,1
,,Il Tavolino Holdings Ltd.,"KELOWNA, BC V1W 5K9",6322-Cooks,1
,,Internation Investments Inc o/a A&W Restaurant,"Abbotsford, BC V3G 2K8",6311-Food service supervisors,1
,,Ironwood Bottle Depot Ltd.,"Richmond, BC V7A 4V5",6211-Retail sales supervisors,1
,,Island Scallops Ltd,"Qualicum Beach, BC V9K 2C8",2221-Biological technologists and technicians,1
,,J & His Childcare,"Richmond, BC V6Y 3E7",4214-Early childhood educators and assistants,1
,,JJ Metrotown Enterprise Ltd.,"Vancouver, BC V6M 2W1",0631-Restaurant and food service managers,1
,,JTO Enterprises Ltd.,"Vancouver, BC V5X 3L2",6322-Cooks,2
,,K & D Logging Ltd,"Fort St. James, BC V0J 1P0",2223-Forestry technologists and technicians,1
,,K & N Mahal Enterprises Ltd.,"Vancouver, BC V6M 1Y8","6711-Food counter attendants, kitchen helpers and related support occupations",2
,,K&W Enterprises Ltd,"Hope, BC V0X 1L4",0631-Restaurant and food service managers,1
,,Kenkar Enterprises Ltd. o/a McDonald's Restaurant,"Victoria, BC V9B 1H8",6311-Food service supervisors,4
,,Kent Picture Framing Ltd.,"VANCOUVER, BC V6J 1V4",5212-Technical occupations related to museums and art galleries,1
,,King Sejong Restaurant Ltd.,"Victoria, BC V8W 1L3",6322-Cooks,1
,,KS Garage Door Ltd.,"Vancouver, BC V5S 2T6",7441-Residential and commercial installers and servicers,1
,,L.J. Restaurant Ltd,"Abbotsford, BC V2S 1L4",6322-Cooks,1
,,Landsea Tours Ltd.,"Vancouver, BC V6A 2P3",6732-Specialized cleaners,1
,,Lotus Child Care North Van Ltd.,"N. Vancouver, BC V7P 1T2",4214-Early childhood educators and assistants,1
,,LSMCV Daycare Ltd.,"Trail, BC V1R 1Z1",4214-Early childhood educators and assistants,1
,,Lumo Salon Ltd.,"Vancouver, BC V6Z 2P5",6341-Hairstylists and barbers,1
,,Minty Nails Brow and Lash Salon Ltd,"Surrey, BC V3W 5A5","6562-Estheticians, electrologists and related occupations",1
,,Mr. Red Cafe Inc.,"Vancouver, BC V6K 2G3",6322-Cooks,1
,,"My Shanti by Vikram Vij, Inc.","VANCOUVER, BC V5Y 1M8",6322-Cooks,1
,,Nancy O's Restaurant Group Inc.,"Prince George, BC V2L 3E6",0631-Restaurant and food service managers,1
,,NPT Construction Ltd,"Vancouver, BC V5P 1T9",7611-Construction trades helpers and labourers,1
,,Oak Bay Guest House,"VICTORIA, BC V8S 5E3",0632-Accommodation service managers,1
,,ONLY U CAFE INC,"VANCOUVER, BC V6T 2H9",6322-Cooks,1
,,Osteria Napoli Retorante Ltd,"Vancouver, BC V5K 4E1",6322-Cooks,1
,,Penguin Enterprises Ltd. dba North Vancouver Hotel,"North Vancouver, BC V7P 3B6",6731-Light duty cleaners,1
,,Phat Nails & Spa Inc,"Coquitlam, BC V3J 1N8","6562-Estheticians, electrologists and related occupations",2
,,Proline Roofing Ltd.,"Victoria, BC V8X 1H2",7611-Construction trades helpers and labourers,5
,,PSI Sushi & Roll Ltd. o/a PSI Sush Roll,"Surrey, BC V3T 2W6",6322-Cooks,1
,,Ra Sushi Ltd,"ABBOTSFORD, BC V2S 0H9",6322-Cooks,1
,,Rooster's Offroad Ltd,"Kamloops, BC V2H 1B5","7334-Motorcycle, all-terrain vehicle and other related mechanics",1
,,S.J.K. Foods LTD dba Subway,"Surrey, BC V3W 4G2",6311-Food service supervisors,1
,,Sakoon Indian Cuisine Ltd,"HOPE, BC V0X 1L2","6711-Food counter attendants, kitchen helpers and related support occupations",1
,,Sangdo Shipping Ltd.,"Port Coquitlam, BC V3C 6N9",1221-Administrative officers,1
,,Snow Creek Canyon Holdings Ltd o/a Tim Hortons,"Revelstoke, BC V0E 2S0",6311-Food service supervisors,6
,,Spider Holding Ltd.,"Vancouver, BC V6A 1R6",6732-Specialized cleaners,1
,,SSH Safari Snack House & Grill Inc,"Burnaby, BC V5B 3N1",6311-Food service supervisors,1
,,SSS Estates Ltd,"Richmond, BC V6X 2V1",6732-Specialized cleaners,2
,,TBAAR Restaurant Ltd.,"Burnaby, BC V5E 1C5",6311-Food service supervisors,1
,,Thai Delight Inc. o/a Thida Thai Restaurant,"Vancouver, BC V6E 1N2",6322-Cooks,1
,,Thorough Clean Cleaning Services,"Port Moody, BC V3H 5H1",6315-Cleaning supervisors,1
,,Two Parrots Restaurant Ltd,"Vancouver, BC V6Z 1M4",6322-Cooks,1
,,Veli Holdings Ltd.,"INVERMERE, BC V0A 1K7",6311-Food service supervisors,2
,,Viaggio Hotel & Restaurants Corp.,"Delta, BC V3M 6H4",0631-Restaurant and food service managers,1
,,,,6512-Bartenders,1
,,Weonjae Lee & Yeonhee Kim,"Abbotsford, BC V3G 0C1",6322-Cooks,1
,,Westcoast Jewellers and Diamonds Ltd.,"Vancouver, BC V6Z 1G3","6344-Jewellers, jewellery and watch repairers and related occupations",1
,,Zalathai Thai Restaurant Ltd.,"Nanaimo, BC V9R 5B8",6322-Cooks,1
,,Zenterra Developments Ltd,"Surrey, BC V3Z 6T3",7611-Construction trades helpers and labourers,2
,  Primary Agriculture,BK Orchards Ltd,"Peachland, BC V0H 1X0",8431-General farm workers,21
,,Caspian Apiaries Inc.,"Delta, BC V4C 2P7",8431-General farm workers,10
,,Dinesen Nurseries Ltd,"Aldergrove, BC V4W 2R1",8432-Nursery and greenhouse workers,10
,,East Richmond Nurseries Inc,"Richmond, BC V6V 1B1",8432-Nursery and greenhouse workers,6
,,FKC (168) Produce Ltd.,"Surrey, BC V3S 8H6",8432-Nursery and greenhouse workers,1
,,Gurmeet Johal Farm,"Surrey, BC V3V 5E3",8431-General farm workers,1
,,Holler Estate Vineyards,"Penticton, BC V2A 8T6",8431-General farm workers,8
,,Jian Li Farm Ltd.,"SURREY, BC V4N 6N2",8431-General farm workers,2
,,KP Labour Contractor Ltd,"Surrey, BC V3W 2Y4","8252-Agricultural service contractors, farm supervisors and specialized livestock workers",2
,,,,8431-General farm workers,4
,,Lulu Island Winery Ltd,"Richmond, BC V6V 1A8","8252-Agricultural service contractors, farm supervisors and specialized livestock workers",1
,,Maybog Farms Ltd,"Richmond, BC V6V 1T3",8431-General farm workers,14
,,Nk'Mip Vineyards LLP,"Oliver, BC V0H 1T2",8431-General farm workers,9
,,Oldfield Orchard and Bakery,"Victoria, BC V8Y 1Y2",0821-Managers in agriculture,1
,,Pacific West Perennial Growers Ltd,"Langley, BC V2Y 2M8",8432-Nursery and greenhouse workers,6
Yukon,   Low Wage,The Hue Oasis Inc. o/a The Hue Oasis,"Whitehorse, YT Y1A 4Y9",6322-Cooks,1
Northwest Territories,   Low Wage,506829 N.W.T Ltd,"Yellowknife, NT X1A 2N5",6322-Cooks,1
Employers carrying on business in Canada with Head Office outside of Canada,    High Wage,BOB Industries LLC,"Santa Monica, 90401","5131-Producers, directors, choreographers and related occupations",1
,,Cap Gun Collective,"LA, 90401","5131-Producers, directors, choreographers and related occupations",1
,,"Caviar LA, LLC","Los Angeles, 90028","5131-Producers, directors, choreographers and related occupations",1
,,Ember Group Limited,"London, WC2N5DS",1122-Professional occupations in business management consulting,2
,,"Framestore, Inc.","Culver City, 90232","5131-Producers, directors, choreographers and related occupations",1
,,Frozen Man Inc.,"New York, 10011","5131-Producers, directors, choreographers and related occupations",2
,,"Furlined, Inc","Santa Monica, 90404","5227-Support occupations in motion pictures, broadcasting, photography and the performing arts",1
,,"Morton Jankel Zander, Inc.","Los Angeles, 90064","5131-Producers, directors, choreographers and related occupations",1
,,"Moxie Pictures, Inc.","LOS ANGELES, 90016","5131-Producers, directors, choreographers and related occupations",1
,,"Park Pictures, LLC","New York, 10010","5131-Producers, directors, choreographers and related occupations",2
,,Prettybird Pictures Inc,"Culver City, 90232","5131-Producers, directors, choreographers and related occupations",1
,,"Reset Content, LLC","Santa Monica, 90404","5131-Producers, directors, choreographers and related occupations",1
,,Station Film,"NEW YORK, 11222","5131-Producers, directors, choreographers and related occupations",1
,,Superprime Films,"Culver City, 90232","5131-Producers, directors, choreographers and related occupations",1
,,Taste in Motion Inc.,"New York, 10013","5131-Producers, directors, choreographers and related occupations",1
,,"The Corner Shop, Inc.","LOS ANGELES, 90025","5131-Producers, directors, choreographers and related occupations",1
,,Tool of North America LLC,"Santa Monica, 90404","5131-Producers, directors, choreographers and related occupations",1
,,Washington Square Films,"New York, 10012","5131-Producers, directors, choreographers and related occupations",1
,   Low Wage,Quiksilver Canada,"Huntington Beach, 92649",0621-Retail and wholesale trade managers,1
Notes:,,,,,
1. The source for all information in this report is Employment and Social Development Canada's (ESDC) LMIA System.,,,,,
"2. This list excludes all personal names, such as employers of caregivers or business names that use or include personal names. For this reason, the list is not complete and does not reflect all employers who requested or received an LMIA. Should an employer wish to contact ESDC concerning the accuracy of their information, please contact NA-TFWP-PTET@hrsdc-rhdcc.gc.ca.",,,,,
"3. The employer name is manually entered in system. As such, accuracy of the names is subject to potential data entry error and inconsistent spelling.",,,,,
"4. Effective November 2016, NOC 2011 is being used. Prior to November 2016, all occupations under NOC 2006 were converted to the respective NOC 2011 occupation. Empirical concordance released by Statistics Canada was used to determine appropriate linkages.",,,,,
"5. Effective February 2018, LMIAs in support of Permanent Residence (PR) are excluded from TFWP statistics reporting, unless reported separately. This may impact statistics reported over time.",,,,,
"6. The LMIA System tracks TFW positions only, not TFWs who are issued a work permit or who enter Canada. Not all positions approved result in a work permit or a TFW entering Canada. For information on the number of work permits issued, please consult Immigration Refugees and Citizenship Canada's (IRCC) Facts and Figures: http://www.cic.gc.ca/english/resources/statistics/menu-fact.asp",,,,,
7. The numbers appearing in this release may differ slightly from those reported in previous releases of LMIA statistics due to data updates that occur over time.,,,,,
